1; صدقيني الحلم هدا ربنا غير يفرجها عليك لانو المرض فرج 
1; انا حبيت شخص صارلنا شي سنين كان متعلق فيني وانا متعلقه فيه كتير
1; ابني هيك طلبو حكالي خواتها محترمات وحب عيلتكم كتير
1; سمعت انو نوعا ما منيح وسعرو مش غالى 
1; عالجت شعري بالزيوت وكبسولات الزيت وتحسن وصار احسن بكتير وابعدي عن الصبغات كلها مضره للشعر بسبب الاكسجين 
1; الزيوت احسن من الفرد حتى لو شعرك مش ناعم الفرد بيدمر اكتر ما بيعمر 
1; كريم زيدكس ممتاز مابيخلي ولا حبه بالوجه 
1; المشاكل والامور الي بتنعرض ع الصفحه كثير مفيده لانه الوحده بتوخذ افكار وبتتعرف على حل مشاكل بتصير معنا 
1; الجروب مميز وشامل كل المواضيع 
1; طبيعي انه الكنه تكون متريحه بحياتها مع زوجها لمن حماتها بتحبها صدقيني 
1; المهم ربنا يكون راضي عنك وانتي تكوني راضيه عن حالك مش مهم رضا حد بعد هيك  
1; الله يخليلي حماتي فش منها الحمد لله 
1; ان بتعامليها بنفس طيبه وقلب صادق بتلاقي ربنا معك وكل الدنيا معك 
1; مو كل الحماوات واحد حماتي عسل وكل شي بيرضيها وبتدعيلي 
1; خدي حالك وروحي لزوجك وحلوها بالود 
1; ايمان ولا في اطيب من قلبها ولو نميتي عليا انا مسامحاكي من كل قلبي 
1; طول عمرك فله يا غاده والله بيتك يتلحس العسل من وراه 
1; انتي اشطر بالطبخ مني هه 
1; يمكن جوزك حكي هيك من باب المزح مش اكتر احسني الظن فيه
1; الاولاد بوثقو العلاقه بين الزوج والمراه الله يصلح حالنا ويهدينا اجمعين 
1; يختي اكيد بيمزح ما تدقوا على كل حاجه 
1; ربنا معك ادرسي وانجحي واشتغلي ماتخلي راجل زي هاد يكسرك
1; كملي در استك الله كريم يمهل ولا يهمل 
1; حبيبتي انشاء الله ربنا بعوضك بأحسن منو وأحسن شغله فكرتي فيها انك تكملى تعليمك
1; رح تكوني وحده تانيه وحده قويه وقد حالها اثبتت نفسها وعرفت هيا مين 
1; عادي بدها شويه وقت تتقبل انا بنتي غلبتني كتير بس مع الوقت بتنسر 
1; محتاج حب و حنان و امان عوضيه كل هالشغلات و طولي بالك عليه  
1; اسهري ع حماتك واعمليلك اشي حلو وخديه معك وربنا يهدي النفوس ويريح بالكم ي رب 
1; للي بدها تعيش بدها تتحمل
1; كوني مبتسمه مش نكديه
1; حاولي تفهمي ع جوزك و حلي مشاكلك لحالك بدون ما تدخلي اهلك وتكبر المشكله 
1; سدقينى للرجال اطفال واى حاجه حلوه بتفرحهم استملكى جوزك وديرى بالك ع اهلو 
1; كلام الأخت ميه بالميه وهادا تفكير بنات الأصل الله يهديكي ويفتحلك الأبواب المغلقه انشاء الله 
1; زوجي الحمد لله انسان محترم و خلوق 
1; لانه انتي وزوجك كانكم شحص واحد 
1; زوجك سندك وكمان فيه شي دايما امي بتحكيلي ياه اوعي تزعلي جوزك لانو الرجال لما بيزعلوا كتير بيمرضو دغري
1; اذا محررز بيعه بضمان طبعا 
1; وبعرف كتير باعو دهبهم بزنقه جوازهم وهلا جوازهم بخيرو معهم يرجعوا دهب نسوانهم
1; مدام الحب موجود طز مليون مره بالدهب بكره بيتحسن وضعو وبيجيبلك احلى ذهب وبيلاقيها منك قد الدنيا
1; حبيبتي الحب والاحترام اشي وحق الزوجه عند ربنا اشي تاني 
1; لا بالعكس ربنا هيطرحلها البركه وهيعوضها خير 
1; الحين الحمد لله مش ناقصني اشي اشتريت دار ملك وعندي بنتين ودخل جوزى منيح وجوزي راضي عني وعايشين 
1; المرأه لاز تكون اوعى ع حقوقها ومصلحتها وبالذات مع نصفهالآخر الي عايشه معه العمر 
1; الحمد لله عندي فهم يكفيني انه ارتقى بطرحه من دون ما يجرح حدا 
1; النقاش لا يفسد للود قضيه 
1; بيعي ما تزعلي عذهب زوجك هو الذهب سيبي الزمن لله تعالى ربنا حيعوضك خير 
1; مركب الضراير صارت ومركب السلفات غارت طنشي تعيشي تنتعشي 
1; واكيد راح تتقبل والدليل على هيك انت بتحكي ظلمتها سنوات ولازالت عايشه معك 
1; الامن الي عشانه بظل حكومه حماس باول سنين من حكمها بخلينا نوقف وقفه صح 
1; الحمد لله الجهتين زي النيله ما بهمهم غير الكراسي ونقطه اخر السطر 
1; حماس لو بدها الحرب تقوم لزمان قامت حرب بس حماس مش معنيه بحرب
1; ديري بالك ع حالك مريومه بلاش تلبسي دهبك وانتي طالعه 
1; ربنا يسلم الجميع ويهدي البال 
1; هه لزيزه يا مها 
1; هه تخافيش وكلي امرك للي خلقك 
1; هدا نوعه رائع جدا جربته حسب ما اذكر اسمه  
1; بس حاليا صار الوضع عادي  
1; انا صحبه مع سلافي وقريبه منهم وعلاقتنا حلوه
1; المهم لما تشوفوا بعض تسلموا عبعض وتكون الأجواء سليمه
1; تعاملى بأخلاقك وطيبتك وبادريها بالمعامله الحسنه
1; هادا الموضوع ما بيجي بقرار شخصي فكره العلاقات الناجحه بيحددها الطرفين ازا كان على اللمه والعلاقات الحلوه كلنا بدنا اياها
1; ياجماعه نيتها خير شحعوها ماتخوفوها 
1; خليكو بالمواضيع السطحيه وماتتعمقو بالعلاقات الخاصه 
1; لو انتي ضليتي معها منيحه حتصير كويسه معك وتصيروا زي الخوات واحسن 
1; بيبيع عجينه وحكالي انها ممتازه وماحتشوفي طول عمرك ولا صرصور 
1; عادي في مطلقات باخدو عزابيه كتير بعرف بس نصيب 
1; يجماعه اعذرونى اللى عندها بنت حلوه بجدد ومحترمه وبنت عيشه تدلنى والله زهقت وانا بدور لاخى والكل بدلنى وما بتطلع متل مبيحكو 
1; والله انا بحب النظافه اليوم عزلت البيت كلو ولمعتو وغسلت غسيل وسجاد وشبيابيك والسراميك واخدت شاور 
1; ولله بحبك من كل قلبي لازم تفهمي عليه 
1; انا الحمدلله متجوزه ومعي ولد وصحتي كويسه
1; وهو ما زعل بالعكس قعد يهدي فيا ويراضيني ويحكيلي دائما احكي الحمدلله وتفكريش اني هتخلى عنك  بسبب مرضك 
1; والايات القرأنيه والحمد هادي شي كويس وهي حل لامورك 
1; طول العمر والصحه ان شاء الله 
1; راح تمري باوقات صعبه او ضائقه بس بالاخر راح تفرج
1; وراح يكون زوجك سند ليكي ابشري خير 
1; كوني رسميه جدا ولا تخجلي ولت عبالك وامسحي كل الماضي من بالك واعتبري ماصار ولاشي 
1; ما ظلمتيه يعني كل اشي قسمه ونصيب 
1; لا ما ظلمتيه اصلا احسن شي عملتيه انك تركتيه وتزوجتي لو ما عملتي هيك وضليتي بدون جيزه كان ما فكر ياخدك 
1; وبس تشوفيه حاولي تسيطري ع حالك وما تلفتي انتباه اهلك واختك 
1; انا مش مصدقه معقول هيك 
1; اذا كان كويس مع اختك طنشي وما تفكري بشي غير سعادتك وسعاده اختك 
1; ممكن توصل لطلاقهم التنتين بس من ورا الهبل 
1; اختك عندهم هى و زوجها و تعالى عند اهلك بيوم تانى حتى ما تلتقى فيهم كتير يعنى خلى مقابلاتك مع اختك بالصدفه او اعملى اى حجه ما تيجى معاها 
1; عجبتنى القصه بدنا النهايه مسلسل تركي رائع 
1; واهتمي باولادك وزوجك الله يسعدك ويبعد عنك كل شر 
1; الله يهدي سرك ي اختي بكره بتتعودو والامور بتمشي طبيعي 
1; ولاتفكرى بالماضى ما دامه راح خليكى بالحاضر 
1; تزعليش لو مالك ذنب خلص
1; معليش حبيبتي انتي عملتي اللي عليكي وحاولتي تفهميها الصح بس هي رفضت انتي ماعليكي حق
1; للاسف شعرى اصلو منيح كتيير 
1; شعرى خميل الحمد الله بالله تغيدونى ميشان 
1; ليش مزعوجه من كلامي كل هاذا 
1; بالعكس بكون مبسوطه يعني مستحيل اتدايق
1; الحل بنظري انك اتطعميهم من اي ايشي بتعمليه ولو ايشي بسيط وتحبيهم متل اهلك وما تبخلي عليهم بشي 
1; والله لومابحبوكى مابطلعو عندك وياكلو من اكلك هدا يدل على حبهم الك 
1; اعتبريهم اهلك لا تبخلي عليهم بشي والله ما راح ينسا كرمك وعطفك عليهم
1; وراح ان شاءالله يعطيكي ويرزقك ويبارك الك في مالك و اولادك 
1; اعتبريها صدقه تحميكي انت وزوجك 
1; ساوي لله ياخيتي والله ربنا راح يطرحلك البركه ف بيتك زوجك واولادك دايما ارمي كلام الناس ورا ضهرك والله لترتاحي 
1; والله قصصكم في كل بيت ياريت تيجي على قدر الاكل الحمدلله صابرين 
1; اهلو الهم حق ع جوزك ارتقو شوى 
1; هاد عادي وطبيعي عودي نفسك تعطي مو خسرانه شي 
1; ماشايفه فيها شي ومش شرط استكساب وخديها بروح حلوه ونيه حلوه ما بتلاقي حالك مدايقه 
1; وبعدين هاد دليل انو حبين نفسك علي الاكل وحابين طبخك ماظنيت هاد دليل كره 
1; عادى لا تقلقى بكون بس متعلق فيكى كتيرر وشكلو اول طفل 
1; احلى حاجه حد صاحلو ينام و القمر بحضن هه 
1; الله يحميه عبود القمرر بيحقله يتدلع 
1; بنتي كانت هيك ولا شي عادي وطبيعي الله لا يحرمكو من بعضي ويخلي كل الاولاد له امهاتها يارب 
1; اه كتيير حلو فعلا 
1; الله يسعدك بكل الخير 
1; انا عن نفسي بحب فقره الاسئلهه بس التعليقات غرببه 
1; وبصراحه الجروب حلو ومفيد و انا بتعلم منو الطبخ ويستفيد وهوا منيح ومترديش عليهم 
1; بالعكس تماما كل اشي بالجروب حلو من واقع حياتنا وبنستفيد من بعض 
1; حتلاقي كل التعليقات مثاليه ومافيها اي خطأ 
1; كل شي نزلوه بنقرا وبنتسلا 
1; الي عندها خبر حللو تنزلو من دون تردد 
1; معك بكل كلمه ياربا ويسعد صباحك 
1; الجروب ممتاز ورائع وكله صبايا 
1; كل واحده تعطي رايها والكل بيستفيد ما في اي اعتراض
1; وفي اخبار ما بنعرفها بنعرفها هون يعني شي حلو 
1; الجروب رائع استمروا تردوش ع حدا 
1; حبيت البوست سلامتك من الجلطه 
1; الجروب حلو وبنستفيد منو ويلي ما بيعجبها تسكت او الله معها ما حد بيجبرهم يشوفو اشي ما يعجبهم 
1; كل شي فيه حلو انتي مزوقه ربا 
1; الجروب بكل شي فيه ممتاز 
1; جروب حلو وبحبه كتير واول ما بفسفس بحط عليه مسلي ومفيد
1; بنستفيد من تجارب الغير بشكل ايجابي مو سلبي العافيه 
1; بصارحه بيعجبني هذا الجروب فيه كل شيئ الاخبار بعرفها منه بتونس بيكم 
1; بالعكس الي مش عاجبه يطلع منه وما يعلق اكتر جروب بحبه و بأتابعه بذات اسئله اكله وحدوته 
1; نزلي اللي بدك اياه ولا يهمك 
1; بالعكس الجروب كتير حلو ومميز والله يعطيكم العافيه 
1; والله احلى جروب مميز ومسلي ومتنوع سلامه قلبك حبيبتي انا مقدره مجهودك 
1; الجروب حلو وكل اشي فيه حلو 
1; بالعكس احنا منتعلم منو لقروب من طبخات او حلويات ومنعرف شو صار 
1; يعني هو كتير في شغلات منو منتعلم منها حلو كتير لقروب الي بتتفلسف شيليها من هون وخلص 
1; كلك على بعضك حلو ولايهمك حبيبتي الناس اذواق 
1; جوزي من الناس اللي كل حاجه بعقدها وبعملها قصه
1; ما بيعرف يتصرف بايشي ما بيعرف يكون حنون لدرجه اني لو كنت متدايقه بعصب مني عشان انا متدايقه
1; داومي على الاستغفار طوال النهار حتحسي فرق بحياتك 
1; هدي حالك وخلي الامور عادي وتزعليش 
1; عيشي حياتك وكبري راسك  
1; تبسمك والكلمه الطيبه صدقه 
1; لما اكون مش مقصره فيها وتقابلني بجفاوه بعتبرها مش موجوده بكفيني جوزي وبس 
1; الله راحمني انو حماتي كويسه كان زمانها طلقتني قد مابكره كلمه حمايه
1; هه عنجد ضحكتيني حبيبتي ياهنود 
1; حماتي ما في اطيب من قلبها 
1; والله كنايني زي بناتي الحمدالله 
1; يقطع شرك ضحكتيني 
1; ثانيا اعملي اللي بيرضي ربك بيرضيكي وبيحبب خلقو فيكي حماتك وغيرها 
1; انا حماتي عسل ما في زيها 
1; والله صادقه عندي حمايا بتنحط على الجرح وبطيبه 
1; انا حماتى كانت هيك بس لمن مرضت ولاقتنى واقفه معها ونا تركتها بعدها صارت تحبنى 
1; انا بحب كنتي ومثل بنتي ولابدخل في اي شىء 
1; انتي بتفكري الكل و واعي ومتعلم وفهمان زيك 
1; انا وحماتي زي العسل الله يخليلي اياها مو كل الحموات متل بعض
1; مش الكل الحمدلله حماتى مافي منها طيبهه لابعد درجه وحبوبهه ومتفهمه 
1; لا تقلقي واعملي زي ما بيحكي الدكتور 
1; لكن بالعموم غالبا ما بتقلق بتقعد فتره وبتروح بعد علاج
1; حبيبتي انبسطي ع حالك انك ذوق وما الك بطوله اللسان
1; ما تزعلي لانك مو قادره تردي عليهم بالعكس انبسطي لانك ارقى منهم واجمل فنون الرد التجاهل
1; تمام مع ابتسامه رح تموتيهم 
1; مع الوقت بتتعودي تردي وما تسكتي لان الواحد الو حدو 
1; عدم ردك بحد ذاتو رد طنشي 
1; ربحي حالك وما تردي 
1; الصمت احيانا اقوى من الكلام 
1;  ماجستر صحافه اكيد حتكوني شاطره برد وقصف الجبهات 
1; يسلم تمك ونعم التفكير السليم 
1; ارجعي لبيتك وانتبهي على جوزك احسن شي ولو بحبك حيكون ندمان وحيصير بدو ينال رضاكي 
1; واهتمتي بزوجك اكتر وكمان ببيتك 
1; هه لا ب العكس بتكون مصحصحه كتير منيح والله 
1; هتتقرب من زوجك اكتر وتكون الصدر الحنون اله وتستغل الفرصه وانتي بتقولي مطلقه كمان يعني فرصه من ذهب الها 
1; انا و والدتي خوات وصحبات وكل شي 
1; لكن بعمري ماحكتلها عشي بحياتي الخاصه سواء وانا خاطبه او انا متزوجه 
1; مزبوط مو كل شي خاص او مهم بينحكي 
1; حابه الكل يفوت علشان نفيد ونستفيد من خبرات بعض 
1; ليش يا ساتر هو فيه بعد التنضيف والتعزيل 
1; حبيبتي انت والله يا سموره قلبي 
1; بما انك شرفتي بوستي وخجلتيني بكلماتك الحلوه فحابه اشوف طريقتك في التعزيل والتنضيف 
1; دمت بكل الود سمورتي 
1; بالعكس احلى اشي المطبخ وما بحب اجيب اشي في البيت الا للمطبخ 
1; ماما ايديها كانو هيك وتحسنوا الحمدلله 
1; ارضي بنصيبك ولا تحكي ليش فلان وليش مش انا وكلي امرك لله وان شاءالله بعوضك خير 
1; اختلطي مع الكل واتعاملي مع الكل وروحي وتعالي واشتغلي بقلب قوي ونفس مطمنه وشخصيه شجاعه 
1; بدك تطولي بالك تماما وتطنشي بس حقك ما تسكتي عليه
1; انو حقك طالبي فيه بعقل وحكمه واسلوب مناسب مش خناق وزعاق 
1; اما الارمله مسكينه الله يعينها الله يصبرها لانو الأمر مش بايدها من الله اجت 
1; قررت اسيبها لحالها بتعقل الله يهديها 
1; ضلي امدحي فيها طول النهار
1; بالليل لما تيجي تنام ضلي عيدي ع سمعها انها شاطره و مطيعه
1; وادا طلعتي حامل جوزك مش حيطلقك بس هادي رده فعل سريعه للرجال
1; هه ماتزعلي حالك وانتي عاتبيه بساعه رواق والله يهنيكم 
1; يختي بيمزح معك كني وروقي وتكونيش حساسه زياده 
1; بحبها وبدهوش اياها ترجع تعاني وحام وتقل و ولاده خدي الايجابي بالموضوع 
1; عادي مزح حكاها وقت الجد خلص بيسكت 
1; عادي كلمه عاديه مش قصدو معناها الحرفي 
1; ولك بتزلمن عشان كل العيله قاعده 
1; كان كل البلد اتطلقت عادي بده يعيش حياته وينبسط تعب من المسؤوليه 
1; جوزك تفكيرو صح مابدو تعب وخلفه بدو ينبسط بجوزتو مش معنا حكا هيك بكرهك 
1; بس بحكي هيك تقلقيش مش حيطلقك يختي لمن تحملي 
1; علاقل هو بدو اياكي تنظمي مش زي الي بيفكرو نسوانهم ارانب 
1; حب يعمل نكته يضحك يعمل جو فرفشه يفرد عضلاتو قدامك
1; رهيبه انتى يالهاموا طخ طخ دايما تعليقاتك بتضحكنى صريحه جدا وعمليه 
1; حبيبتنا فطوم متابعه المباريات ومتابعه الحوارات الي هان 
1; الاولاد نعمه من ربنا
1; وياجماعه خليكوا محضر خير 
1; عادي بيمزح شكله ابنكم مجننكم وبده مصاريف كتير 
1; كلنا بتيجي اوقات ندج كلام عن حسن نيه  
1; اول متحملي حيفرح كتير انا جوزى لما حملت تاني مره مكانش بدو ياني احمل عشان ابني كان عمره شهور بس اول ما عرف وتاكدت اني حامل انبسط وفرح
1; يعني هاده رزق من رينا مافي حد برفض رزقه ربنا واراده ربنا طبعا 
1; انا شايفه الموضوع عادي هو كلمته بايخه بس مش زي ما انتي فهمتي
1; زوجك بمزح ما دخل المكانه 
1; كمان يمكن هو انفجع واتفاجيء 
1; ورح ييجي نصيبك الاحسن منو  
1; اقسم بالله مافي منه الكلام بس ابنتي كسبت زوجھا باحترامھا 
1; لا تحكمو على الناس غير لما تسمعو من الطرف الثاني 
1; ستي منيح انك بديتي تدرسي وتنتبهي لحالك واه طبعا الخياه مابتقف لا ع راجل ولا ع اي حد 
1; انتي لساتك زغيره ادرسي وعيشي حياتك واشتغلي ع شخصيتك وخليكي قد حالك مايكسرك رجل 
1; ضلك صلي وادعي ربنا يعوضك باللي يستحقك ويقدرك 
1; ربنا يسعدك ويكتبلك احسن حياه 
1; عجبني ردك مختصر ومقنع 
1; الله يفرح قلبك يارب  
1; والست الشاطره قادره تخلي جوزها زي الخاتم في اصبعها بشطارتها وكواستها معه لانه الراجل ما بتعاند
1; الراجل لو ايش ما كان بيجي بالسياسه والكلمه الحلوه والطاعه اهم شي 
1; وهاد نصيبك وكملي دراستك فعلا الحياه بتقفش عند الرجل 
1; العمر بيجري استغلي وقتك وعيشي احلا ايام حياتك وما توقفيها ع زلمه
1; الله ينصرك على من ظلمك وربي يوفقك في حياتك ويعوضك خير عنه 
1; الله يعينك والله بس انتي اكم عمرك 
1; الله كبير مابنسى احد الا ظلم الولايه يتهز جبال الله يوفقك ويسهل طريقك في كل شئ 
1; يا بنتي اتطلقي بدون ولا اشي انتي الكسبانه 
1; الله يوفقك وتكسبي القضيه
1; كلامك صحيح تناولها للموضوع طفولي شوي 
1; عالعموم يا بتتفاهمي مع زوجك تروحيلو ويكون لسه شاريكي اصلا
1; الله يسهل امرك 
1; وحابه ارجع ارضعها
1; لالا اوعي كملي وان شالله بتتعود بس طلعيها وجسبي اشياء بتحبها راح تلتهي شوي 
1; حاولي تلهيها ف الجاجات و الأكل والعصائر والفواكه 
1; ارجعي رضعيها تاني مافي مشكله 
1; انتي قلبي حنون زياده عن اللازم 
1; انا ولادي ماما بتساعدني بفطامهم بس هاي اول وحده افطمهالحالي 
1; اه عادي ارجعي رضعيها 
1; شو بدك في هالعيشه روحي لبيت اهلك احسنلك بترزقي باحسن منو 
1; اصبري عليه وانشالله ينصلح حالكن 
1; ربنا يهدى بالكم يا رب 
1; اعطوها حلول مو تكبرو راسها روحي بيت اهلك 
1; الله يفرج همك ضلك ادعيله بالهدايه واكتري من الاستغفار 
1; بكرا بيجي البيبي بتلتهي فيه وجوزك بيعقل وبيرجع يتعلق فيكي وبابنك الحياه بدها صبر 
1; عن تجربه وبعد ما قرات بهل حساب انا كتير تغيرت مع زوجي وسار شايلني فوق ريح الحمد الله 
1; غيري من حالك اولا بعدين رح يتغير لحالو صدقيني 
1; بتمنى تقرى كل القصص ورح تتغيري انا متاكده 
1; بس عند ولادهم بكونو كتير مناح بالمعامله تصبر  
1; انا من رأى انتى متزوجه عن حب ازا هو بحبك ولازم تحافظى ع هالحب
1; ما تطلقي ولا تعملي اشي بس كوني زوجه فهمانه و ناصحه
1; واجباتك قومي فيها ع اكمل وجه من بيت و ترتيب
1; اتعاملي معو بما يرضي الله واذا سب وله حكا اعملي حالك ما سمعتي 
1; وابنك وانتي الكو الله وادعيلوه بالهدايه و وبس 
1; حماتك كانت من الخطوبه تحكيلو سيبها وما سابك 
1; متزوجين عن حب يعني بيحبك
1; اغلب الازواج متعلقين بامهم
1; انتي ما تغاري من هالشي 
1; بس ازا مقصر بالبيت هاي المشكله  
1; حاولي حسني علاقتك مع اهله وشوفي كيف راح يتغير 
1; وعشان ابنك فكري فيه وبلاش الحرد كل شوي 
1; انت لسه في بدايه حياتك 
1; وطبعا حاولي ما تدخلي بينه و بين اهله
1; و خليهم في حياتك اهل تانيين و حددي علاقتك فيهم 
1; الصبر حلو اصبري ورمزي في حياتك الجديده و ما تفتحي باب المقارنات في حياتك راح ترتاحي 
1; الحياه بدها صبر يا اخت وتفكريش بتاتا بالطلاق
1; من رائي لازم تحسني علاقتك مع حماتك وتلقائي حتلاقي زوجك رجعلك واتحسن معك جربي واتوكلي عالله
1; ومافيها شي لو تنازلتي لحماتك بتضلها ام زوجك والراجل ال بدك تكملي معاه حياتك وشوي شوي بتقربي منها ومنو 
1; صلحي علاقتك بامه وباهله زيارات وان طبختي طبخه ابعتيلهم واعملي حلويات و وديلهم خدي لهم هدايا لو بسيطه
1; خليكي دايما نشيطه قدامهم لو كنتي عندهم تقعديش اخترعي شغل واشتغلي اي اشي
1; حببيهم فيكي جامليهم محلوين لبسكو حلو طبعا بدون مبالغه 
1; وهو لم بشوفك بتحبي اهله حيتغير معك وهم حيصيرو يشكرو فيكي قدامه 
1; نظرته الك مبنيه على رأي اهله فيكي هيك حسبت من كلامك
1; احكيله اشتقنالك زكريه بتوصايه الرسول على المرأه 
1; كوني هاديه وما تخانقيه ولا تعصبي بردي اعصابك معاه 
1; شغلي مخك منيح بتحليها لحالك والدعاء يصنع المعجزات 
1; اسمعي اكسبي حماتك لانو زوجك حسب اهلو بتحسن الوضع ان شاء الله 
1; فش مشكله ما الها حل 
1; الله يعينك اصعب شي تتزوجي واحد شخصيتو ضعيفه 
1; استعيني بالصبر وعامليهم باخلاقك وافحميهم بسلوك الحسن 
1; بكرا بيصيروا يعتبروكي بنت الهم ويثقوا فيكي 
1; اولها استهزاء وجبروت وبعدين بحترموكي وبحبوكي 
1; اتحملي ما تحملي حالك اكثر من طاقتك اصبري وراح تجنيه باولادك ان شالله 
1; خليكي بنت اصل القصه مش مستاهله كلهم تلات انفار
1; والله ما راح يضيعلك تعب واحتسبي هذا عند الله 
1; وان ضاع عند الخلق والله راح تلاقيه رضا من الله اولا ومن زوجك تانيا وسعاده وتوفيق بحياتك
1; كلامك صحيح وميه الميه هما شخص واحد مافيش كرامه بينهم 
1; لما تبلشي انتي بالصلح بتبيني قديش انتي رقيقه وحبابه ولطيفه 
1; وممكن جوات نفسه هو يحسبها الك كبيره وينبسط كتير 
1; وي عمي اعتبريه طفل وبدلع عليكي هه دلعيه 
1; ما في بعد الرضا والسعاده والتفآهم بين الزوجين والله 
1; وحلو كتير انه اصلا برجع يكلمك عادي وانه ما ف شي 
1;مادام بيحكي معك على طول بيكون قلبه طيب 
1; هادا مش غلط حبيبتي وما في كرامه بين المره وجوزها  
1; مش كلهم انا زوجي بعتذرلي وبراضيني لما يكون غلطان او حتى لما اكون غلطانه احيانا ويكون سوء تفاهم عادي
1; مدامه منيح معك تركزيش ع هالسلبيه هاي وتسيبي كل حسناتو احمدي ربك 
1; اللهم اصلح مابيني وبين زوجي 
1; خلص مادام برجع عادي انتي كلميه دايما 
1; بجد ضحكتيني روحي ياشيخه الله يسعد قلبك زي ماخلتيني اضحك كل هالضحك ويسعدك سعاده الدنيا والآخره 
1; ربنا يشفيلك اياها ان شاء الله 
1; عادى بيروح مع المده بنتي ضلت لبعد السنه 
1; عادي ابن اخي كان هيك بعد فتره بيروح لحاله 
1; بنتي كانت هيك وصارت طبيعيه بعد فتره 
1; صحيح هادا طبيعي بس لازم كلكم تقرآوا الرقيه الشرعيه على اولادكم والمعوذات 
1; لا تخافى اختى والده الها شهر برضو ابنها زى هيك هاد امر طبيعى كل الصغار هيك 
1; انا بناتى هيك واكتر ييه كنت اخاف عليهن هيهن زى الشيب ماشالله عنهن 
1; انا مش ضد اني اساعد زوجي لاني كتير بحبه 
1; ارهنيه عند حد يؤتمن وبتموني عليه وهيك زوجك بيسد الفلوس وبتحافظي ع دهبك 
1; ما خاب من استخار استخيري ي حلوه 
1; بيعيه وتخافيش طالما انتي على يقين انو حيبيعه عشان يشتري اشي ينفعه لشغله 
1; وإن شاء الله ربنا يرزقه ويردلك اياه وزياده 
1; بيعي وما تخسري جوزك عشان حديد 
1; بيعي ع قد ما بده مصاري وبنهايه لشغله وان شاء الله بنجح بهالشغله وبسددو الك 
1; ازا زى ما بتحكي انه زوجها بحبها وبحترمها وشو ما بدها بعمل الها تساعده ما فيها شي 
1; ساعتها بتكون بنت اصيله وما تخلت عن زوجها بالوقت الصعب 
1; وخيضل زوجها يتزكرلها هالموقف 
1; هي حياه وحده مش محتاجه نفكر ونتعب عشان شويه مصاري 
1; ادا بدو ياهم ضروري ساعديه 
1; وطبعا كل شي برجعلك 
1; الدهب حقها الشرعي والمتفق عليه بعقد النكاح حبيبتي ولولا هالعقد ما صارت مرته
1; ونحنا لا مستفزات ولا متعنطزات وبنحكي بكل هدوء ورواق 
1; اوعي تبيعي دهبك جوزك ما بعرف بالايام الي جايه شو بسير فخليكي شاطره 
1; الخلاصه الواحد مايحكم ولايفتي بدون مايسمع الطرفين 
1; حبيبتي انا روحي الك 
1; بتقلك الراجل كويس وما شافت منه اشي ما بينفع تسيبه في مهب الريح وتحوجه للي يسوى والي ما بيسوى
1; بما انه كويس اصلا مفروض ما تسأل 
1; لو محترم عنجد ح يحترم قرارها في ملكها 
1; حبيبتي ويوفقك انتي كمان وجهه نظرك وان اختلفت عني بحترمها اكيد 
1; بشوف انه الست لازم تقف جنب جوزها وبكل ما لديها وبرجع وبقلك الطيبون للطيبات 
1; في ناس طيبه ونفسها راضيه ومش عايشه بنظريات وآلات حاسبه قد مهي عايشه بروحانيات وانا بحكيلك الآيه وانا فهماها كتير منيح 
1; الزوج الصالح الواحده بتعطيه عيونها مش بس دهبها
1; يمكن هالشغله اللي بده يجيبها لشغله تكون فاتحه خير ورزق لزوجك 
1; اتوكلي على الله وعيني زوجك المال بيروح وبيجي بس الحب والاحترام لا 
1;  المرأه الشاطره يلي بتقف مع زوحها بكل ظروفه محتاج قطعه من ذهبك اعطيه هالموقف بنحسب الك انه احتاجك و وقفتي جنبه
1; وان شاء لله ربنا برزقه وبحسن من وضعكم 
1; انا عارفه ياشيمو تشاور اهلها وتشوف رأيهم
1; اقفي جنبه احسن ما يداين بلقيها قد الدنيا 
1; الدهب والفلوس بتروح وبتيجي بس بتكوني كبرتي بعين زوجك وكبستي محبته اكتر 
1; اذا حتبعيه لتجاره مضمونه حتعود عليكم بربح منيح ومحترم توكللي على الله
1; حبيبتي ما تردي عليهن اذا زوجك منيح بيعي شويه اللي يسلك اموره بدل ما يشحد
1; بكرا راح يعوضك الضعف وراح يحفظلك هالمعروف  
1; ما في اي اشكاليه ما دام فيه حب وتوافق 
1; يعني هو مين يلي جابلك هاد الدهب مش هو وماداما زلمه محترم اعطيه عيونك مش دهبك
1; الزوج الصالح هو يلي بينسند علي بالزمن مش الدهب والمصاري لانهم بيروحو وبيجيو بلحظه 
1; بيعيلو شو يعنى ازا كان بحبك ما تستخسرى فيه 
1; حبيبتي ادا زوجك منيح معك اكيد ما راح يترك وحيعملك الي بدك ياه ادا ما قصرتي معو 
1; انا لو بمكانك وزوجي محتاج الدهب بعطي ياه ولو يطلب عيوني كمان
1; اتوكلي على الله اذا هو منيح مافي تردد 
1; زي مجوزك محافظ عليكي بره البيت وما بيجيب سيرتك قدام الناس ولا بتمسخر عليكي فانتي راعي هالشي كمان وحافظي عليه
1; ان شاء الله اكون خفيفه عليكم بس والله لو ما حكيت كنت حطق هه 
1; هه حبيت بوستك صادقه والله 
1; يختي بما انك اي تي فهميهم يكتبوا كويس مشان نعرف نبرمج كلامهم هه 
1; والله مشتقالك كتير ونفسي اشوفك ونبررم كتيير 
1; فعلا كلام صحيح تسلمي 
1;
1; ياشيخه ياريت الكل بيفهم متلك 
1; ومش كل اشي بنحكى فيه كلامك مزبوط 
1; هاي حريه شخصيه وكل انسان حر بتصرفاته
1; هاي اسمها حريه شخصيه وكل واحد حر بحالو  
1; وحاب اعوضها وافتح معها صفحه جديده 
1; اول شي انت ماوضحت بشو ظلمتها لكن عموما الاعتراف بالحق فضيلا 
1; بدك تفتح صفحه جديده مع الله بنيه التوفيق تقيم الصلاه بأوقاتها وتعاهد زوجتك بانك تعوضها الظلم اللي شافته منك
1; يعني هي شارياك وبدها اياك وهدا شيئ راح يساعدك على تقويه علاقتك فيها من جديد موفق 
1; انا لما اجي احكي معك يعني الاشتياق واصل عندي ل سابع سما 
1; وانتي عندي تسوي الدنيا كلها 
1; صدقيني انو بخاف الله فيكي ولا مره فكرت فيكي اشي عاطل 
1; انا بحبك حب حلال ما بعرف ليش بحبك لهيك درجه
1; بالمختصر المفيد صراحه انا بعدني بدي ياكي وبحبك ومسامحك على كل اشي ضايقني منك
1; اذا بدك نفتح صفحه جديده ونكمل حياتنا على نيه انو نستمر عالطول مع بعض حتى يصير وقت المناسب واجي اخطبك بشكل رسمي ما عندي مشكله
1; ما في انسان معصوم من الغلط واذا ما بدك ياني انتي حره بحياتك عادي
1;  واذا انتي حابي تكوني معي لا تخجلي من حدا 
1; الحب ولا عيب ولا حرام بالعكس احنا نعمل اشي يرضي رب العالمين 
1; بدي تطمنوني لانه شايفين وضع البلد كيف 
1; الله يهدي سرك ويحفظ لنا احبابنا من فتن الدنيا 
1; بالعكس برتاح كتير الواحد من الألم 
1; ثانيا اذا الدكتور شاطر بتنجح العمليه 
1; امي عملتها قبل عشر سنوات وهيها الحمدلله تمام عند
1; والله الحمدالله رب العالمين ربنا يشفيها الجميع ويتهم شفائه عليا 
1; غزه اكتر مكان امان
1; احسنتي حبيبتي كلامك جواهر وحكم 
1; خليك قنوع في ناس ما معاها اشي وراضيه من زمان 
1; والحمد لله ع كل حال 
1; عالاقل ما عندك حدا يعتقل الملتحين بالشوارع 
1; عالاقل ما في حدا بعذب ابناء شعبهم وذنبهم الوحيد انهم قاوموا الإحتلال 
1; ربنا يصلح الحال للاحسن 
1; حماس ما حررت القدس صح انا معك بس حماس ما سلمت سلاح المقاومه
1; بس رجال حماس الي واجهت العدو لما اقتحم غزه وشن حرب عليها 
1; مش لأنها مش قادره لا بالعكس بس عشان مصلحه الشعب الغلبان الي محتار يتلاقها من وين ولا من وين 
1; اذا تشغلني معك بتكسب اجر 
1; هه اقسم بالله انك سادقه وجيباها من الاخر 
1; حلوه بردو جبتيها من الاخر للحرامي 
1; هه من الاخر يعني جبتيها والله انك لزيزه 
1; ربي يكفينا الشر يا رب احنا وجميع المسلمين 
1; لعل وعسى قلبه يرق ويحن عليا 
1; يقطع شرك ملزك 
1; ربنا بالعون يختى  
1; الله يلطف فينا يارب يبعد عنا ولاد الحرام 
1; يعني دراستي لماجستير الصحافه ما ضاعت هباء منثورا 
1; هه تفكير منطقي بهيك وضع 
1; الله يلطف بينا جميعا و يبعد عنا اولاد الحرام 
1; هه زكرتني فيكي ضحكت 
1; هه ومدلاعه عزيزي الحرامي 
1; هه والله صادقه اصلا كلنا يدوب مكفين بيوتنا والحمد لله والستر من الله 
1; هه ربنا يفرجها على الجميع 
1; هه يقطع شررك ضحكتينا 
1; بعرف اعمل الخوفه ههع 
1; هه الله يبعد عنك اولاد الحرام ويخليلك اولادك وابوهم يارب 
1; كتير حلوه عن تجربه وهي تاني مره استخدمه لما قطعته رجعت حساسيه الاسنان تاني وجعهم رهييب 
1; ومش غالي كتير عادي سعره مناسب ما بعرف كم بالظبط بس مش اكتر من عشرة شيكل
1; حبيبتي يادعاء كل ماباخد منو بدعيلك جبتو من يومين 
1; ان شاءالله حبيبتي الله يجزيكي الخير 
1; اه كتير شكروا فيه 
1; صحيح كلامك وانا السنه الى فاتت جبت منه وفعلا طول الصيف ما شفت ولا صرصور اختفو الحمد لله 
1; انا زيك عانيت من المشكله سنين واستعملت هاد الدوا اختفى 
1; وانا ايضا استعملتو ممتاز 
1; فعلا والله ناويه انزل تاني اجيب منه كمان 
1; عن جد اختراع هالدوا جربتو كل صرصور بيمر عنو بيصير خشبه ههخهه 
1; احنا شركتنا بتبيع دوا للصراصير فعال اسرائيلي مضمون 
1; هادا المبيد بيقتل جميع الصراصير مجرد ماترشيه حتلاقيهم كلهم ماتو ومش حيرجعو تاني 
1; هدا الدوا احسن دوا رشي منو في كل مكان بعيد عن الاطفال ان شاء الله ماحتشوفي ولا صرصور 
1; فخامتي تتكلم والباقي يتعلم 
1; انا جربته الحمد لله ارتحت من الصراصير والنمل الحمد لله ما في اشي هلقيت 
1; فعلا وانا جربته كان في شوي صراصير صغيره بلمطبخ ومن يومها ما شفت اثرهم
1; وبلاها العلاقات المزيفه الي متمسكه فيها لهلىء لا ضرر ولا ضرار 
1; خبيه بمكان بعيد عن ايدها وماتحكي لحدا وينه حتى لجوزك 
1; وماراح يضيعلك شيء ان شاء الله 
1;
1; عايشه مع ماما وبابا انا راضياهم بكل شى ما بعمل شى يغضبهم 
1; حبيبتى مجرد سؤالك وخوفك بدل على انك باره وطيبه 
1; حبيبتي الله يكون معك والي عم بيصير لازم يفرحك اكتر ميزعلك
1; برغم يلي عم تشوفيه من اهلك عم تكتمي بقلبك وما عم تخبريهم او تواجهيهم بشي دليل حسن اخلاقك ودينك وانك على درجه عاليه من البر 
1; تانيا احمدي ربنا انو جعل ابتلائك في الدنيا من اعز الناس واقربهم وطبعا هاد والله اعلم لزياده اجرك عند رب العالمين
1; واستمري ببر والديكي وخليهم يدعو اد مبدهم 
1;  تالت شي اتمنا انك تتوجهي لصلاه الحاجه في الثلث الاخير من الليل ان استطعتي او بالنهار عادي اطلبي من ربنا يهديهم
1; وربي يعوضك بصبرك خير يا رب 
1; الله يعوض عليكي عوض الصابرين يارب ويقدملك الي فيه الخير
1; ماتزعلي والله الاهل هما اكتر الناس بتعزبو لما يصير فينا اشي وبدهم تكوني اسعد الناس
1; الله يحننهم عليكي يا رب 
1; الله يحنن قلوبهم وقلوب الناس عليكي يارب 
1; الله يبعتلك نصيبك مره تانيه 
1; اعملي اللي عليكي لوجه الله 
1; قربي من ربنا وادعي يفرجها عليكي ويحنن قلوب الكل ويهديكي ويصلح حالك 
1; الله يحنن عليكي حبيبتي 
1; يمكن بيعملوا هيك له مصلحتك 
1; مش مهم شو بحكو ربنا شايف وعارف كل شي والمهم انتي ترضيهم وتركيها لربنا 
1; الله يحنن عليكي و يرفع عنك 
1; عليك بالاستغفار وقيام الليل والدعاء بالثلث الأخير ودائما ادعي اللهم اجرني في مصيبتي وأخلف لي خيرا منها 
1; الله يرزقك بالزوج الصالح وتتريحي من التوتر الي انتي عيشاه 
1; ربنا يصبرك ويعوضك خير 
1; الله يحنن قلبهم عليك اقعدي معهم وحننيهم عليك واحكيلهم عن العذاب اللي شفتيه من جوزك لهيك وصلت فيك الامور للطلاق 0 اقنعيهم ان بكفي اللي فيك مايزيدوكي والله يعوضك عوض خير 
1; عن تجربه اذا عملتي الوصفه ادعيلي بالخير 
1; شكرا كتير الك عزيزتي 
1; انشالله بتشوفي نتيجه ممتازه جربيها 
1; انا ساكنه بشقه بعيده عن دار حماي بس سلفي هذا بدو يسكن في غرفه بالعائله 
1; انا حابه اكون صحبه انا وسلفتي واعتبرها اختي ونكون صحبه وزي الخوات
1; وما بدي اغار منها ولا تغار مني هاي اول سلفه الي
1; وانا مرت الكبير وحابه اضل علاقتي مع دار حماي وسلافي وبنات حماي حلوه شو بتنصحوني 
1; بس بدون ما تجرحو 
1; خليكى بحالك ومتصاحبيش حد احسن 
1; وانتي بعيده احلى صحبه ياعيني ابعد تحلا وربنا يوفقكم على طول 
1; ما فهمت طبيعتك وطبيعه سلفتك بتحكم العلاقه بينكم 
1; كوني رسميه وسطحيه بعلاقتك مع الجميع اسلم شئ بتكسبي الكل 
1; خليكي طبيعيه بدون تكلف 
1; خلي بينتكم حدود افضل ربنا يوفقكم 
1; خليكى حريصه احسن لك 
1; خلي العلاقه سطحيه مش اكتر 
1; كل واحد بيعمل باصله اعملي المنيح ويخلف عليكي 
1; مشكلتك سهل حلها ضلك سطحيه وابعدي عن القول والفتنه هيك بضلو حبايب 
1; اتعاملي ع طبيعتك وبلا مجاملات و عامليها زي ما بتحب حسب شخصيتها 
1; الوحده سلفتها هي اختها التانيه وانك مرت الكبير او الصغير هاي ما بتفريء بتكوني كبيره بأخلائك ومساعدتك وتعاونك مع الجميع 
1; بالنسبه لسلفتك عادي خليكي حبايب وانتي حتقرري انها هل حتستمر معك بالصداقه او تكوني رسميه
1; ربنا يكتبلكم التوفيق 
1; تعاملي باخلاقك وخلص كونو متل الخوات والأمر عادي وبسيط جدا
1; كل انسانه عندها مميزات ما حدا احسن من حدا 
1; باختصار عامليها مثل مابتعاملي اختك وتعاونوا على الطاعه والخير دائما مافي شيطان بيدخل بينكم اذا كنتوا تعينوا بعض عالخير 
1; اعملي باصلك ولا تردي عهيك تعليقات سخيفه جددا 
1; وصفي نيتك وان شاء الله بتكون اختك التانيه 
1; افهمي شخصيتها بالاول بعدين على اساسها بكون التعامل 
1; الرسميات اريح سلام ياجاري انت بحالك وأنا بحالي 
1; كوني ع طبيعتك وسيبي الباقي عالتساهيل  
1; يعني خليكي منيحه وما تدخلي باللي ما الك فيه 
1; خلي حدودك واضحه مع سلفك اللي خطب حتى ما تتدايق خطيبته وقلبها يكش منك 
1; اهتمي بنوعيه لبسك وبطريقه حكيك ومزحك 
1; تعاملي بنيتك الطيبه وبس 
1; يا رب تكون بنت حلال وتحبو بعض وما تكون منافقه وحسوده 
1; سكنيها عندك بشقتك بضلن حبايب على طول 
1; خلي علاقتك سطحيه لا تحكيلهم كلام عن حدا ولا تحكي لحدا عنهم اي شي شواء منيح او عاطل 
1; الزيارات تكون معتدله لا كتيره ولا قليله 
1; اوعك تقارني بينك و بينها شو عندها و شو عملت و شو جابت 
1; بدك اياها اتحبك و ما تكرهك لما اتروحى عند حماتك اشتغلى معها فى المطبخ
1; ايدك على ايدها و ما اتحسيها انك احسن منها و تقعدى و هى اتخدم عليكى لما تيجى ضيفه عند حماتك 
1; الكلام الكتير بلاش منه حماتك قالت حماتك بتقول عليكى خليكى فى السليم خدى ما تعطى فى الكلام 
1; لما تيجى عند حماتك جيبى معاكى اى حاجه باكيت بسكويت باكيت تفاح اى اشى 
1; كوني انتي وهي زي الاخوات 
1; بحكيلك خليكي على طبيعتك وبس لا تتصنعي نقطه انتهى 
1; خلي نيتك سليمه دائما لانو ربنا بيعطي الشخص عقد نيته
1; عامليها زي كانها اختك الصغيره اسالي عنها لو عملتي اشي حلو واخدتي لحماتك خديلها صحن خاص فيها 
1; لو مرضت روحي زوريها 
1; انتي عسل ولزيزه ويابخت اللي تكون سلفتك 
1; مدامك نويتي تدخلي برجلك اليمين وعندك رحابه صدر ربنا ما يخيبلك ظنك بسلفتك الجديده  
1; اتعاملي بلطف وحسن نيه دايما 
1; وربنا مايديم بينكم الا كل محبه وخير 
1; خليكي ع طبيعتك ما تكتري حكي معها ازا صدر موقف باسلوب حلو ردي عليها او طنشيها وعادي 
1; المعامله الطيبه والكلمه الحلوه والاحترام والمحبه بتكونى علاقه طيبه معها 
1; ابعدي عن جوزها وماتمزحي معه زي اول بتضلو حبايب
1; وتعاملو معامله رسميه انتي وهي احسن واريح لراسك وراسها
1; احيانا الانسان بيعطي اجمل ماعنده
1; عسل اصلا انتي بتنحبي ورح تحبك سلفتك لانك طيوبه 
1; طول ما انتي بتتعاملي معها منيح وعلاقتك بالكل منيحه ماتخافي انه يصير مشاكل 
1; نيال سلفتك فيكي عامليها معامله حلوه كأنها اختك 
1; طول ما انتي ناويه الخير ربنا حيعطيكي خليها قاعده بحياتك 
1; حبيبتي الله يرزقكم بنات ناس طيبين وتكونو سلفات وصاحبات ان شاء الله ما اطيبك 
1;  بالعكس خليكي ع طبيعتك مثل ما انتي
1; هاي انا جوزي بمزح مع سلفتي ويضحكو وانا بمزح مع جوزها عادي عقلنا كبير وبنعرف نفرق بين المزح والغلط
1; واحنا بنفضفض مع بعض ولي في قلبنا عطرف لسانا وبعطيها عيوني اذا بدها 
1; فخلي علاقتك بينها مبنيه ع الاحترام 
1; يعني علاقتك بدار عمك حلوه حافظي عليها
1; علاقتك بسلفتك الجايه خليها رسميه نوعا ما ومبنيه ع الاحترام 
1; بما انها راح تسكن مع دار عمك لما تروحي عندهم شفتيها بتشتغل ساعديها اطبخوا سوا عزلوا دار عمك سوا وخصوصا بالشغل 
1; هي كتير منيحه وبنت حلال وهي انا وهيا صحبه عالاخر وعلاقتنا ممتازه كتير الحمدلله 
1; ان كنتي انتي منيحه ومحترمه معهم غصب عنهم بدهم يحترموكي 
1; بس انا زيارتي خفيفه عليها يعني انا ما بحب اتقل دمي على حد 
1; الله يبعد عنا شرهم والله الحمدلله انا كتير سلافي مناح ومحتررمين جدا وحفظه كتاب الله 
1; وسلفتي كتير محترمه وبنت ناس محترمين 
1; حبيبتي الله يديم المحبه بينكم يارب 
1; صاحبي جوزك واولادك وبيتك افضل الك 
1; هي انا وسلفتي زي الخوات واكثر علاقتنا قويه فوق ما تتخيلي 
1; شركتنا بتبيع دوا اسرائيلي مجرد ماترشيه بتموت كل الصراصير ومابترجع مضمون 
1; انا ببيع دوا مفعولو اكيد بترشي ولا بتشوفي صراصير ولا فيران ولا شي 
1; من تبعين الزراعه في دوا بنكسر بيجنن ومفعوله قوي انا كنت ببيت ارضي متلك وجبتهم ومن مره ما ضل اشي عندي 
1; دورسان اسمه ممتاز عمال لوصفته للمنشور ايلي قبله 
1; اول شي لفلفنا ع دكاتره القلب وعملنا كل الفحوصات اللي بتخطر عالبال والنتائج كلها سليمه 
1; بس الحمد لله بعد الولاده راحت وطبعا مع تغيير الجو والخروج من البيت وتعزيز ثقتي بنفسي تغلبت عليها 
1; ربنا يعين كل انسان مريض 
1; راحه البال قبل كل حاجه وبعدها حتسمنى 
1; طنشى اى اشى فيه زعل ارمى ورا ظهرك دنيا رايحه 
1; واهتمى بنفسك واضحكى وانبسطى وابسطى بيتك  
1; لو جربتي تستغفري كتير هتلاحظي التغيير والنفسيه كيف هتتغير وتسير عسل 
1; الحل اتقربي من ربنا وخلي عندك ورد يومي 
1; اطلعى غير جو ما تقعدى لوحدك حاولى تصلي لانه عن طريق الصلاه بتفقدى الطاقه السلبيه 
1; الصلاه بتريح وحاولى تطيلى بالسجود واكثري من الدعاء صدقينى حتكونى احسن 
1; راحه البال والنفسيه المرتاحه هي اللى حتخليكي ترجعى متل الاول طنشي ولا تحطى بقلبك 
1; حاولى تتعودى على الوضع اللى عايشاه وما ياثر عليكي بجد يعني كتير ميزانك خاس 
1; يمكن حدا حاسدك افتحي الرقيه الشرعيه او تقريها بتتحسني 
1; ابعدي عن التفكير وطنشي 
1; وبدي انتبه لمستقبلي ودراستي كمان 
1; انت وقت الدراسه متلا اطفي الجوال ع الخالص 
1; واقنعي نفسك انه ورايه دراستي ومستقبلي هما يلي هينفعوني 
1; ممكن ايام دراستك تتفقي مع صحبيتك تدرسوا مع بعض وتتوصلي معها وهيك بتتشجعي تدرسي متلها 
1;  طبعا لازم جوالك تطفيه خالص ويوم بالاسبوع تفتحيه وتقعدي عليه بس عاد تكوني مخلصه اللي عليكي 
1; ولسوف يعطيك ربك فترضى 
1; راح تنتبهي لوقتك ودراستك وعبادتك 
1; وحيصير عندك وقت تطلعي وتتفسحي وتعزلي وتعملي كل حاجه 
1; اتزوجي وخلفي عليا الضمان ما راح تشمي ريحتو للجوال اسأل مجرب 
1; حطى ببالك انك تسثمري وقتك بالمفيد
1; ادعولي ربنا يفرجها علينا ويغير حالنا للاحسن 
1; الله يفرجها عليكم يارب 
1; لاحول ولا قوه الا بالله ربنا يفرجها عليك ويرزقكم ويعطييكم 
1; الله يفرجها عليكي حبيبتي 
1; إن شالله بعدها بترتاحي نهائي من المشكله نهائيا 
1; ربنا يفرجها عليكي حبيبتي ويصلح الحال لاحسن حال ان شاء الله ان الله مع الصابرين 
1; الله يفرجها عليكي ويعدلك الاحوال 
1; بالله عليكي تستغفري دايما بنيه الله يوسعها عليكو ويرزقكم ببيت وحال احسن 
1; الله يوسع عليكى ويصلح حالك الحل انك تمسحى البيت بالكاز وانشاء الله تروح البراغيث 
1; الله يوسعها عليكم ويرزقكم 
1; الله يفرجها عليكي يارب 
1; بنت حماتى مشاء الله علم وادب واخلاق طويله ومتدينه ومد اومه على الصلاه والاذكار وقراءه القران 
1; صغيره عمرها بالعشرينات الناس لما تشوفها بتخطوبها
1; لو الها نصيب باشي رح تاخده 
1; تشوف علمها وحياتها احسن الها من ميه جوز 
1; الدنيا هادي بدها الصبر 
1; مش كل الناس بكشو بالعكس خلي عندها امل 
1; تعطيش لكلام الناس اهميه 
1; انا بقلها اذا في مجال تشتغل وتبني حياه خاصه فيها وتنمي من ذاتها راح تحس طعم الحياه
1; وفي ما اتزوجو او ترملوا او انفصلوا وعاشوا حياتهم وانتجوا واعطو 
1; الحياه مش رجل وبالأخر الله يبعتلك الي يريح بالك 
1; انا بنت وبحس بشعور البنات ربي يسعد الجميع 
1; الله يبعتلها نصيبها الي تتباهى فيه قدام الناس كلها يارب 
1; بس الغريب انو اشوف كنه بتشكر في بنت حماتها وقلبها عليها حبيبتي شكلك طيوبه الله يديم المحبه بينكم 
1; الي جاره مطلفه من خمس سنوات اجو ناس يخطبوا اختها عجبتهم هي وابنهم عزابي وتزوجته تستغفر وتدعي وربنا يرزقها  
1; تيجي اتصف جنبي بعطيها معنويات عاليه 
1; رجاء اللى بتعرف بنت طول ببياض وحلوه بجدد تدلنى 
1; وربنا يسعد كل البنات ويكرمهم 
1; الصح كل واحد اله حاجته متلا خلص كاسته خلص مايستولى عغيره
1; مش انا ماما حبيبتكم مره عمره بيتعودوا رب يحفظهم الحلوين 
1; كل واحد اله حاجته خلصت حاجته خلص فش ياخد تاعت غيره 
1; برافو عليكي منك نستفيد 
1; بحبوكي لانك امهم وكريمه وانتي لو عيونك حتعطيهم هيك قلب الام
1; بس افضل الهم لما يكبروا ويطلعوا للعالم الخارجي 
1; بتعودو ماياخدو الشي منك 
1; اخخ يا ريت ياكلو انا بتحايل عليهم بيرضوش مش تعون اكل 
1; وحياتك اعملي متلي امسكي الشغله واعملي حالك بتاكليها بتحلى بعينهم 
1; بجد لنضافه والست النشيطه نعمه من ربنا 
1; هه لا فيه سدقي 
1; اهم شي النظافه طبعا 
1; والله ياحبيبتى الحمد لله نظاف ومرتقين وما بنحكى على حد معين بشكل عام وبعدين النظافه من الايمان 
1; ولا شك انه النظافه حلوه والترتيب حلو وكل واحد حر بييته
1; مابيكونوا عارفين مستوى النظافه اللي لازم يكونوا عليه
1; ما اعتقد ابدا ان مستوى النظافه واحد عند الكل وما اعتقد ان في وحده بتكون شايفه انها مش نظيفه 
1; لا شك انه النظافه حلوه ومريحه للنفس وحتى لو كانت الست عايشى فى بيت مش حلو وبيئه مش حلوه وبتنظف وبترتب المكان اللى هيا فيه
1; ومن الاخر كل واحد حر ببيته وطريقه معيشته 
1; يعني اه ممكن بيتي يتكركب بس نص ساعه وبرجع يلمع 
1; والاولاد لازم يتعملو ينضفو ويرتبو اول باول مش عشان اولادي اعفن 
1; ماشاءالله كل ستات الجروب مثاليات ونضاف 
1; طالما جوزها او اهل بيتها مرتاحين فخلص هي مرتاحه 
1; الموضوع مش عرب وأجانب حلو نتناقش وننصح ونتعلم من بعض بنفيد وبنستفيد
1; بس شو اقولك راحه نفسيه وطاقه ايجابيه تحفه 
1; بتعجببينى كتير ايوه هيك الستات ولا البلاش بس حلوه لحسه اقوم انفض هلقيت هعههعهه 
1; يسعدك فشيتي قلبي والله يما يما ماحلاها النضافه 
1; ياريت احنا هيك في الحقيقه كان ما في مشاكل بين الاخوه والجيران والاصحاب 
1; بالزبط النظافه شيء داخل البني ادم بنولد جواته بالفطره المفروض 
1; ماما طول عمرها موظفه واسمعي شو الناس بتحكي ع بيتها وع اولادها وبعرف كتير ناس هيك 
1; فشيتي ئلبي ياشيخه حسيت الناس عنا بغزه ملائكه والله  
1; يا حبيبتي انتي نظيفه ببيتك سيبك من الوسخه ما تفكري فيها
0;  اه فكرت قصدك العكس تكون طيبه وتحبها ومن هالكلام 
0;  حكيتلها ما بقدر انزل فزعلت و راحت  
0;  صح شفت هيك عينه وسخه ومقرفه 
0;  فشل حكومه في نشر الدين والأخلاق والأمن والأمان بين ابناء الشعب 
0;  في كم شغله هيك معلقين بزوري وبعرفش اضلني ساكته
0;  وانا روحت من المشفى على بيتي وانا بعيط 
0; اتھمتني اني وانا وابنتي عملنا سحر 
0; اجت تحكيلك مشان تخرب بينكم 
0; احذرى تقربيها من نفسك ومن بيتك قبل ما تتأكدى منها ومن طبيعتها
0; احلا بلوك لعيونك عشان انا ما قصدتك 
0; احنا الي كانت المحبه والعشره والروابط الحلوه بتجمعنا هلا صرنا بنخاف من اقرب الناس اخ يا زمن 
0; احنا مش هبل ولا مغيبين عشان نحط لوم ع طرف ونسيب الطرف التاني 
0; احيانا بتكون ضغوطات احلام انا بحلم كتيير وكوابيس بس اصحى بحمد الله الف مره انها مجرد احلام 
0; اخر الزمان يكثر الهرج و المرج 
0; اذا انت احلى منها و وضعك المادي افضل وزي ما بتقولي انت بشقه بره وهي بغرفه بالعيله غالبا مش حتتفقوا
0; اذا لا سمح الله ضليتي على هالحال راح تخربي بيتين مو بيت واحد واهلك راح يزعلوا منك لانك من البدايه غلطتي لانك ماوقفتي ضد هالزواج 
0; اذا لاقتك قاعده وانتي بتشتغلي راح تضرب بوز يمتد الي سنغافوره 
0; اذا مش مهم خلص انسي 
0; اسمعى انا جربت كل الطرق اللى الصبايا حكوا عنها بس للاسف ما جابت نتيجه 
0; اسناني ولله الحمد خربانه 
0; اصحك تبيعيه كلھم بعملو قصص فاضيه 
0; اصلا الحامل طول التسع شهور حساسه كتير ومعظم وقتها مكتئبه 
0; افضل شي عشان ترتاحي للعمر كله خلي علاقتك بسلفتك علاقه سطحيه
0; افهم من كلامك انك واحده مرموقه في البلد واحنا حثاله ما بنفهم شي
0; اقرفتونا بأسألتكو الغبيه والي مالها معنى 
0; اقسم بالله انو الصبح لما طلع جوزى كنت نعسانه كتير واللهى خفت انام ضليت قاعده على الكنب جمب الباب 
0; اقسم بالله ما كنت مقصره معها بشي وفعلا بستنى الزمن يدور وينحرق قلبها متل ما حرقت قلبي 
1; الله يحنن قلبهم عليك اقعدي معهم وحننيهم عليك واحكيلهم عن العذاب اللي شفتيه من جوزك لهيك وصلت فيك الامور للطلاق 
0; اقنعيهم ان بكفي اللي فيك مايزيدوكي والله يعوضك عوض خير 
0; اقيمي عليه الحد نسوان ما بينمزح معها  
0; اكيد الأطفال مسؤوليه يعني حرام تجيبي ورا بعض
0; اكيد بتكزب عليكي ونتي سدقتي وخربتي بيتك 
0; اكيد وضعه المادي صعب نوعا ما وطلعت هالكلمه دج بدون ما يحاسب 
0; الاسى ما بنتسى ولو حامله عليكى راح ضل العمر تدعى عليكي وتتحسبن 
0; الاصل ما تم الزواج لاختك منو 
0; الاغاني كلها حرام مافي اسلاميه او ماجنه هو الحرام الادوات الموسيقيه المستخدمه 
0; الاغلبيه هيك ع فكره مابعرف ليش هالطبع متل ماحكيتي استكساب 
0; الاهانه بتجر اهانه و طالما فش احترام روحي عند اهلك احسن الك و اريحلك 
0; البعد عن الدين وقله الايمان 
0; البعد عن الدين ومخططات مدروسه لتركيع غزه 
0; البعد عن الله وعدم مخافه الله 
0; البين يطسك ي بعيده 
0; الحرامي حبيبتي ما فيه منه خوف الخوف من جوزك 
0; الحق عليكي انك سكتى من اول قطعه اتسرقت منك المفروض الكل عرف قومتى الدنيا
0; الحق عليكي لانك اسمعتي منها ممكن عملت هيك لحتي اتخرب عليكي 
0; الحق عليكي من اول
0; الحمامات ريحتها طالعه والجلي مكوم ع الأرض والسجاد مطبع 
0; الحمدلله احلمت انه انا مريضه بمرض السرطان
0; الروح غاليه هه والله الخوف بيقطع الرجلين ربي يحميكم 
0; السبب الوحيد قله دين وقله خوف وقله حيا وانعدام المراقبه مش قصه حبوب ومخدرات 
0; الشخص الوحيد الي انظلم بهالقصه اختك يامحترمه 
0; الشي التاني اني اول ما مسكتها امامه اتفاجأ واتوتر 
0; الغيره حتعمل شغلها اختصري وعامليها رسميات وهو الافضل بكل الأحوال 
0; الفكره انو هي ماعرفت خيره من شرو هدول شهور بس لسا ماشافت شي تتروي وهو يتداين ويسد 
0; الكل زيك صار خايف والله 
0; الله يجعلوا ما يعجبها 
0; الله يسامحهم الناس ويسامح المجتمع الي زي هيك 
0; الله يعينا على وقفته وتعبه 
0; الله يعينك بس صحيح انه نذل كيف يتزوج اختك
0; الله يعينك بيضلوا اهلك حاولي تقعدي معهم وتحنني قلبهم عليكي 
0; الله يعينك ع هيك بشر بيسمو البدن سم
0; الله يعينك والله صعبه عليكي بس خليكي قويه وماتضعفي 
0; الله يعينك ويهديهم ليش الوحده لما تطلق في اهل بيعتبروها عيبه وعار 
0; الله يلعن اللي اخترع هيك شغلات والله مابدنا نتواصل مع العالم الخارجي
0; اللي لسانه طويل بيضال طويل 
0; اللي مش عاجبها تطلع برا وما تتفلسف والله جد بقهروا 
0; المشكله اختك ومشكلتك مع زوجك لو عرف 
0; المشكله مش مشكله نضافه المشكله في انه شو حشركم فيها كنست ولا شطفت نضفت ولا تكتكت 
0; المصيبه يا اختي اكبر من الفلسفه والمسخره الوضع ماساوي مصيبه جيل بحالو 
0; المفروض من الاول الزواج ما يتم
0; الموضوع عنجد تافه 
0; الناس ما عندهاش غير الحكي والنق 
0; الوضع السيء و قله الدين 
0; الوضع صعب جدا والله انا نضيفه على اولادي وصابره صبر ماحدا بعلم فيه الا رب العالمين 
0; الي بتصدرو ع غزه من الحبوب والاترمان وفي انواع حبوب بتآذي للقتل والسرقه
0; الي بتكون مش نظيفه م بتعترف يهيك بالعكس بتشوف حالها انظف الناس
0; الي قريبه نفس حالتك وتعبت ولفت دكاتره لما العلاج بطل ينفعها
0; اما تصاحبيها وأبصر شو لأ حتى لا تحدث مشاكل في المستقبل 
0; ان نزلنا عن قصص القتل ولا السرقه بالبلد بيجو يقولو فضحتونا بين البلدان وبياخدو عنا فكره سيئه عاساس مافي جرايم الا عنا ماشاء الله 
0; ان نزلو بدهم محل اواعي ولا مكياج ولا ابني عمل ولا سوا بيصيرو قصص تافهه مش لازم تنسأل 
0; انا اللي بستفزني عنجد وساخه بعض الستات ف الحمامات العامه زي حمام المستشفى مثلا 
0; انا بعرف غلط كبير انك تفطمي ابنك وترجعي تاني بيقلك بتتعبي انتي كتير
0; انا حامل وصار عندي شبه اكتئاب دائم ودايما حاسه حالي مخنوقه 
0; انا شايفه انه في غلط منك يعني كل يلي بيطلعو من غزه صعب يرجعو مفهوم هالاشي كان اختصرتي ورحتيله 
0; انا شو دخلنى اذا كان هيك ربنا كتبلي بحسبونى انا مش عارفه اعيش 
0; انا ضد المبدأ كله الا للضروره القصوى يعني يكون فش حل اخر  
0; انا فاكراها هاى لاكله صعبه وبدها وقت ومجهود كتير واعتقد بتنعمل بمناسبات خاصه 
0; انا فتاه كنت متزوجه لكن هلاء مفصوله عند اهلى
0; انا كرهتهم من طريقه كلامهم معى بس ما ببين ايلهم علشان ما بدى اياهم يغضبوا عليا
0; انا لثتي ملتهبه وبعاني من ريحه الفم سالت الدكتور وقاللي ماهوا التهاب اللثه بعمل هيك 
0; انا متزوجه وعندي ولدين وبعاني من مشكله وهي عندي حساسيه في الجهاز التنفسي 
0; انا متلك الى اكتر من سنين بعانى منهم 
0; انا مش مصدقك هه 
0; انا معك الزوج فعلا مابعارض اهلو حتى لو ع حساب مرتو 
0; انا معك هي الغلطانه 
0; انا من اول زواجى وانا بعانى من حماى متسلط كتير عابنو
0; انت اسلوبك كانت استفزازي استفزني شوفي كل التعلقات ولا واحده حكت زيك
0; انت بحياتك بتخافي من هادا المرض وعملاه هاجس الك لكده بتحلمي فيه اضغاث احلام من عقلك الباطن 
0; انت وضعك خاص واقل شي بأثر فيكي 
0; انتبهي من سلفتك وبس 
0; انتي لانك حساسه زياده عن اللزوم مضايقه 
0; انتي هبله والله لو بتعاملي امه منيح هو رح يحطك ع راسه 
0; انها غير قادره على حمايه شعبها لكن فشر كل خائن ودسوس 
0; انو ليش انتي بطلتي تهتمي بحنيتو عليكي 
0; اه غلطانه وظلمتيه كمان شو يعني طفله الصح انو ضليتو ع الحلوه والمره وم حدا بضل ع حالو 
0; اه واللهى يعنى خوف مش طبيعى 
0; او بمعنى اخر بتخاف من حكي الناس اكتر من ربنا 
0; اوعك تبعي دهبك يروح يدبر حاله اذا انباع عمره ما راح يرجع 
0; اول اشي بتدمر حالها وبتدمر حياتها وبتخلي امها تشوف جوزها عديم شخصيه 
0; اول شي اسمحيلي احكيلك انك اتسرعتي 
0; اول نقطه بصراحه بتشل والغريب بتلاقى كتير شغلات زى وك يعنى ولك 
0; اويلي البي عليكي سلامه قلبك يالغاليه والله يعينك اشي بيقهر 
0; اي لا مش معقول فيه هيك ما بسدق صراحه 
0; اياكى تبيعى دهبك اياكى 
0; اياكي تحاولي تتقربي من اي حدا بالعكس خليكي رسميه جدا عشان تضل العلاقات بخيير 
0; ايش يعني خصموا من الرواتب يعني يموتوا بعض 
0; بالظبط اتقولي بتحكي عن بنتي لا بيجي معها ضرب ولا غيرو ولا بتخاف من حدا 
0; بالعكس تماما الطيب هو اللي بياكل هوا في هالدنيا 
0; بالله شو ممكن يكون تفسيره لاني كتير مزعوجه منه 
0; ببعتلك ولادي والله لتصيري تشحده الجوال شحده منهم 
0; بتعرفي انا صرت خايفه على زوجي وبناتي
0; بتعرفي بجلطوا في تعليقاتهم المثاليه زياده عن اللزوم في اكتر من بوست الاحظ 
0; بتعودى اولادك بالانانيه وما يحترمو حقوق الاخرين 
0; بجد الناس عنا غريبين بينحشروا في بيتك واكلك وعفشك وطريقه تربايه ولادك وحتى في كيس زبالتك  
0; بجد انى خايفه وأول مره فحياتى بحس بالخوف 
0; بجوز تشبك العيله كلها عليها وتخسر دار حماها الي بتحبهم 
0; بحب احكيلك انا على باب الله يعني اللي سنتين ونص قاعده بالشقه
0; بدك تبطلي حساسيه و تمشي طبع خلاص 
0; بدكم الصراحه صار عنا هوس انا لما تعدي من جبني فزبه عليها شباب يعني اكتر من شب والله برتعب صرت ليسرقو بنتي
0; بدها تكتم ع نفسو وتجيب كوم عيال 
0; بدي اعترف اني بكره سلفتي وهي بتغار مني كتير وبتحسدني ع كل اشي
0; بس المجتمع ينظر للمطلقه نظره سلبيه وانها وحده ماحافظت على بيتها
0; بس المشكله انو كان وضعو سيء مابيقدر يطلبني
0; بس المفروض الاهل يرحمو ويحسو مش يجوزو ابنهم ليستعبدو بنت الناس 
0; بس اناخربتو شى صبغه وشى فرد سيء والحمد الله وهلا مقضياها كوى مابتحمل كل ما اخد دوش لازم اسحبو ونفسيا تعبت من هاد الشى
0; بس راح افضل اتحسبن عليھا في كل صلاه على كل اذان على ظلمھا الي ولابنتي 
0; بس رجاءا بلاش السياسه لانو قرفنا اخبار بتنكد 
0; بس سبحان الله عيشه العيله لازم يكون فيها غصات وتحملات
0; بس شكلو الي عراسو بطحه بيحس بيحس عليها  
0; بس غلطانه بردو جلطتك جايه متأخره مفروض زمان صار عندك شلل رباعي 
0; بس لسا فيه براغيت شو اعمل ساعدوني 
0; بس لو ظالمه الله يعينك 
0; بس والله صار عالفاضي باخدو صدري دايما بنهج والو صوت عالي وانفي دايما مرشحه وبتطلع الحساسيه من غير سبب والله زهقت مين مرت بهيك اشي 
0; بس يعرفه انها مطلقه بكشه وهى البنت اتعقدت من كلام الناس شو بتنصحوها تعمل 
0; بستغرب انه في بنات متعلمين ولهدرجه بعرفوش اشي بالنضافه فعلا العلم مش كل حاجه 
0; بصراحه الله يعينك والله مقرف
0; بصراحه وضعك صعب كتير 
0; بضل تطلع الي مع اني انا معي بنت 
0; بطلنا نعرف نعزل ونضف المطبخ 
0; بعرف كتير بنات عايشات بذل عند حمواتهم بس مابنحب نحكي الاغلب بخافو حد يشوف كلامهم 
0; بعرفش احكي خبيصه قصتك يلا نوما هنيئا لاطفالكم 
0; بعمل مضمضات ميه وملح ومرات مضمضه بابونج دافي بس عالفاضي بتضرب بوقت معين وبيضرب معها الراس وكل الجسم
0; بعين الله كل واحد علي ماربنا اوعده الله يحسن ختامنا 
0; بقولو مركب الضراير مشى ومركب السلايف ما مشى 
0; بقوم مفزوع وبضلو يتشاهد ع حالو 
0; بكون عند اهليهم مقرفين 
0; بنصحك خليكى فى حالك لا تغلطى غلطى عملت زيك واخر شى تهمونى بالسحر والعمل واطلقت 
0; بياخد راتبو وما بيضل معنا غير مبلغ صغير لمصروف ولادو
0; بيدعوا انها تموت لمصلحتها 
0; بيعرفوش اشي اسمو سله زباله وبالحمامات قرف مش طبيعي ولا عندي استعداد ادخلهم 
0; بيكون غبي خسر فيه عالفاضي كان اعطاها الفلوس تصورت فيهم ورجعتهم 
0; تترجي فيا تبكى عليا مش ممكن يوم انسى انت جارح ازاى 
0; تخيلي شو هيصير فيها بس تعرف الحقيقه 
0; تعالي دأضربك بقلايه التيفال ان ما جيتي خخ 
0; تعالي على الجامعه شوفي الوضع كيف بكونوا بنات متجوزين وبرموا وراهم ورق مكان الاكل والشرب وعلى الارض
0; جد شعب حشري كمان بدكوا تتدخلوا فبيوت الناس 
0; جربته وعالفاضي الصرصور بمشي من فوق البودره ولاثر فيه ايشي 
0; جوزك مشاعره حطبه هه 
0; جوزي بشتغل في صيدليه تعرض للسرقه كدا مره  
0; حاسه حالى بحاله حرب 
0; حاله الرعب يلي صابت نساء غزه هاد الاسبوع مش طبيعيه الكل صار يخاف عحاله وعلى اولاده الله يفرجها عشعبنا 
0; حبيبتى ي مها والله حزنتينى هه 
0; حبيبتي المشكله مش التربيه المشكله الناس المطلقه بشوفها قويه وبخافو منها والارمله يا حرام جوزها مات 
0; حبيبتي شكلك صغيره ومش ناضجه بالمره ليش تزوجتي واحد بدو يسافر
0; حبيبتي لشو حاطه ببالك انو انتي وسلفتك ممكن تغارو من بعض او هيك شي
0; حتى اني لا عندي صحبات بحكي معهم 
0; حتى لو شيكل انسرق حبيبتى انتى بتعرفي وين بتصرفهم وع ايش بتصرفهم كيف بتسمحى لحالك تسكتى خبري حماتك و جوزك وتوكلي ع الله  
0; حتى لو هي بدت الغلط معك طنشي ارمي برجلك ونقل الكلام انسيه خالص حتعيشي ملكه ازا عملتي هيك 
0; حرام عليكم تخربو بيتها بكلامكم 
0; حرام عليكي الاعصاب بتهلك من هالوصفه 
0; حرص ولا تخون ولا راح يطلع بإيدك اشي 
0; حماتي دمرت حياتي كنت بعاملها احسن من امي بس للاسف بتكرهني ودايما تشبك ابنها عليا 
0; حماس اللي مخنقه عالشعب 
0; حماس دمرتنا ودمرت الشباب بمعني الكلمه 
0; خاصه انو ما النا بيت ملك 
0; خايفه اعيط وأحزن وبالاخر يطلع مسلسل هندي 
0; خراب بيوت مستعجل مش كلشي بنحكي 
0; خربوا اللغه العربيه وهن بتدلعن هذا الاشي ما بيصير غير ف بلادنا العربيه
0; خطه محكمه ومفبركه من انذال هاد الوطن وربنا ينتقم منهم 
0; خليكى بعيده أحسن ابعد تحلا وبدكيش صحبه السلفات 
0; خليكى لحالك احلالك وخلى علاقتك سطحيه بلاش تنسطحى من افعالها 
0; خليكي بحالك احسنلك لانو بعد الزواج سلفك يلي متل اخوكي راح يتغير وكتيير 
0; خليكي بحالك بلا مثاليات فارطه كل واحد اله بيئته وتربايته 
0; خليكي بحالك وما تددخلي ابدا في حياتها 
0; خليكي بعيده احسن وبلا منها هل الصحبه 
0; خليكي بعيده عنهم افضل مهما عملتي السلفات بيغاروا عندي سلفه بتغار على جوزها من بنتي  
0; خليها تضل مكشره بتعجز بدري هه 
0; خيبه تخيبك وتخيب الجامعه اللي درستيها 
0; دايما كنت اتدايق من حكي كتير وبعد شوي بحكي ياريتني رديت عليها
0; دهنت صدرها بزيت دافي ما جاب فايده
0; ربنا يحنن قلبهم عليكي وانت ايش ذنبك كل واحد مكتوبلو حياتو وهوا ببطن امو ازا سعيد ولا تعيس ولا منيل ع عينو 
0; ربى يعوضك عوض خير يارب بجد اصعب شى الاهل يزعلو رغم الوحده بتكون مهمومه 
0; رح يرجعو للسجون ورح ترجع اسرائيل تحتل غزه وترجع المستوطنات 
0; زواجتك كلها مش مزبوطه من الاساس كيف بتقبلي انتي واهلك تتزوجي واحد راح يترك بعد شهرين
0; زي محكت السجاد اله ريحه والحمام اعزك الله مقرف والمطبخ وسخ ومجلمط هدول بدهن حرق كمان لانه النظافه شعبه من شعب الايمان 
0; زياده الادمان ع المخدرات حسبي الله ع هيك حكومه 
0; سارت اختو تقول اه بس لنسوانكم اما لاهلك ما بتتزكرهم
0; سبب الحكومه اللي سايبه المجرم على سبيله 
0; ستات قطاع غزه يعلنون الافلاس رسميا  
0; سخام جبتي حل يخليها تنتحر 
0; سكرى الباب على نفسك تفتحيش لحد 
0; سلفتك رح تغار لو مزحتي مع زوجها سدقيني هاد قاعده من قواعد الرياضيات 
0; سلفتك مدام حتكون ساكنه مع حماتك راح تاخد الجو عنك يا غلبانه
0; سناني اخ يا سناني 
0; شر البليه ما يضحك والله شي بيخوف كل يوم جريمه  
0; شفتوا انا ليش مستحيل ادل حد عالنت او عالفيس عشان النفسيات الخبيثه الي بتفسر انوا بتدللي على بنتك او اختك او قريبتك 
0; شكلك اطفالك ورا بعض وعانيتى من هالشى انه مافى وقت لشى 
0; شكلك فاهمه انه علاقه السلفات حرب 
0; شكلك نكديه وما بتتحملي مزحه 
0; شو مم مسكينه قصتها فظيعه الله يعينها 
0; صاحب زوجي كان هيك ينخنق بالليل وما يقدر يطلع عالدرج وما يعرف ينام 
0; صح كل قسمه ونصيب بس المفروض نشغل عقلنا صح 
0; صح كلامك بس في ناس هدفها بالحياه ما يعجبهاش اشي 
0; صحتي صارت كمان بالنازل كل يوم تعبانه او مصدعه او مخنوقه
0; صرت اكره نفسى من نحافتى وكمان انتقادات الناس نفسى ارجع زى زمان عندى طاقه وتنفتح نفسى 
0; طبعا الأسنان الها دور بالريحه الكريهه 
0; طبعا كل يوم واحنا سامعين جريمه جديده
0; طبعا ما مرقت عليا لانه ما بيستخدمها امامي 
0; طنشيها بتنقهر وبتمموت غيظ منك اكتر 
0; طنشيها وتحاهليها ما تستاهل 
0; طيب المهم البنت قلبها مليان منك 
0; طيب علموني كيف اعمل بلوك في وحده مغلباني 
0; ع العموم ما ترجعي ترضعيها مو منيح الها 
0; ع فكره زرقان الوجه نقص اكسجين ايش بتستسني عنجد قهرتيني 
0; عادي بيكونوا متعودين ع القرف 
0; عالفاضي ربنا خلقهم هيك بكشره 
0; عزيزي الحرامي بالنسبه الي ساكنه بالاجار وعاطله عن العمل 
0; عشان هيك ماتغلب حالك 
0; عشانها غبيه عملتلي بلوك بتفكرني شيفاها ولا بعرفها وحتفرق معي 
0; علي الفاضي العمليه والله يشفي الجميع 
0; عليكي نور النظافه مو بس بالبيت بكل مكان يعني في عاملات حالهن نظاف بالبيت وتعي شوفيهن برا مو هنا يلي بالبيت 
0; عن تجربه لاتبيعي يلي بيروح عمره مابيرجع للأسف 
0; عنجد حاسه اني بسمع عن بلد غير غزه  
0; عنجد سؤالك مالو معنى مع احترامي لالك 
0; عنجد مو قادرين نستحمل الحياه
0; عنجد هاي اصبحت مشكله الكل 
0; عنجد وانا زيك نفسي اعرف كيف بتحملو يعيشو في جو الكركبه والغبره والقرف 
0; عندي ابني اربع سنين ونص ولليوم الزن والنكد والصراخ بس مابخلي ينفذ كل الي بمخه الله يهديهم يارب 
0; عيب عليكي الي عملته 
0; غض النظر عن فتره الحب انتي غلطتي انك ماحكيتي لما اجا وخطب اختك دمرني حياتك وحيات اختك الله 
0; غلط كبير ترجعي ترضعيها 
0; غلط هيك تعوديهم لقدام مابحسبولك حساب لاي شي
0; غلطانه و مدلعه كتيرر 
0; فش كهربا ولا اشي 
0; فعلا بجد ما بعجبهم العجب ولا الصيام برجب 
0; فعلا كلو من حماس حسبي الله فيهم الي خربوا البلد 
0; فعلا ليش الستات وسخين في الحمامات العامه طيب حرام عليكم مانتو مسلمات 
0; فى اهل ما بتقبلوا فكره الطلاق الله يهدى جوزك و يرجعلك 
0; في رجال ازا منفضحوش بتمادو بوقاحتهم 
0; في شغله بعاني منها ان لما يصير بيني و بينه مشكله و بكون هو الغلطان مش مستعد ان يصالحني او يحكي لي اي كلمه
0; في كومنتات خبيثه عيب يا بنات هيا حكت مشكله ما طلبت عريس 
0; في متزوجات مدفونين بالحياه 
0; في ناس ما بتيجي غير بالعين الحمره يخص 
0; في وقحات في بتعرف انك كشفتيها وبتتمادى وبتسرق اكتر  
0; قبل ما تحكمي ع وحده مش نظيفه في بيتها اعرفي كيف ظروفها اول بعدين احكمي عليها
0; قديش بكره الاستكساب  
0; قصه الحبوب المخدرات ابدا مش مقنعه عملوها حجه ليغطوا عالجرايم والفساد الي بيصير 
0; قعدت شهرين اضل احس اني قلبي واقع من الرعب   
0; قله الايمان والدين والصبر  
0; قله الدين عند الناس بغزه وبرا غزه 
0; قله الدين ناس صارت تخاف من العيب اكتر من الحرام 
0; قله الدين وحب اكتساب المال لاتو كل الجرائم اللي صارت هدفها السرقه 
0; قله الدين وقله الشغل وتعاسه الحال 
0; قله الضمير و الايمان 
0; قله اﻻيمان وقله المصاري والعمل 
0; قله ايمان بصراحه لو بعرف الله ويقرا القرءان ما بيصير شي من هالنوع ايمانه اكيد حيمنعه من فعل الفواحش  
0; قله دين بعيد عنك 
0; قله دين فعلا سبق وقالتها اختي فوق وعدم الرضا بالنصيب 
0; قله دين و وضع سيء 
0; قومي يا حب مشتقالك كتير احسنلك من النفسييات اللي هنا 
0; كان نفسي كل سلفاتي يحبوني واحبهم زي خوات نكون بس على الفاضي ما بيطيقوني للأسف هه 
0; كتير عملوها وما زبطتت 
0; كذا مره اسمعهم بيدعه عليه اموت علشان يرتاحه منه ومن مشاكلى الزوجيه
0; كل الرجال هيك بتكون الواحده محروقه من جوا ومش مستعد يتنازل ابدا 
0; كل حجكم فارغه ونتيجه قله وعي 
0; كل رجال غزه مخهم صعب 
0; كل هاي المواد بتتعب الشعر وبتخربو واصلن كل مايطول بدك ترجعي تفردي و وممكن مدامك بتسحبيه وبتصبغيه باستمرار يحرقو الفرد 
0; كلهم كزابات وبتفلسفن نسوان خنيقه 
0; كلهم يختى هيك مش بس جوزك انانين بحبو حالهم بدهم ندلع ونحنن ونهشك فيهم واحنا الله لايردنا 
0; كنا من زمان يمحلانا والتواصل العائلي والاجتماعي مترابط اكتر من هيك
0; كنت متوتره وخايفه من الولاده وتكررت في حملين متتالين وكان يصحبها ارق وخوف من النوم 
0; لا تبيعي م في حد مضمون وبعدين شهور مش مقياس خليه يتداين 
0; لا تخربي بيتك خبي حاجتك وسكري غرفتك وخلصنا 
0; لا فى بكون عارفات حالهن معفنات 
0; لا ما تبيعي خليه يدبر حالو يتداين من حد قريبو وبيعزو ويلتزم ويسد هيك بيكون افضل 
0; لابعرف ادرس او اعمل شي في البيت وبعيده عن ربنا بسببو 
0; لازم تلطمي لتعرفيهم انك خايفه 
0; لانك بالاخر حتنزلي بوست تلطمي منهم وتصوتى ونرجع ننصحك خليكي فحالك احلالك 
0; لانه هدلاك بيحبوش المقاومه وبيحبوش السلاح 
0; لانها اكيد رح تزعل مع الايام بتنسو وبصير عند 
0; لانو بينظرو الهم نظره دونيه او مش مزبوطه 
0; لانو كتير بنات بنزلو مشاكلهم و الحل تبع البنات بيكون حل سيئ للاسف
0; لكن مع الاسف الطرف الثاني بيحب ياخد وميعطيش 
0; لما اسمعتهم بيدعه عليه بحط حالى وببكى وبنام ما بعرف ليش بيكرهونى
0; لو انا مكانك يا ربا كان اغتلتهم عنجد اشي بفقع والله 
0; لو تضوى اصابعك للعشره الهم خلص الكنه بجبوها خدامه وبتضل مش محبوبه بالناقص 
0; لو رفضتي اشي اكيد راح تنزلى من عينو
0; لو كان الفقر رجلا لقتلته الفقر 
0; ليش الكنه مهما تعمل للحماه مابعجبها وبتضل مكشره 
0; ليش ماخدين فكره انو السلفات لازم يكونو اعداء او يغارو من بعض
0; ليش معصبه انتي طيب نفضي 
0; ليش هيك بس الله يحنن قلبهم عليكي ويهديهم ويصلح بالهم 
0; ليش هيك بيتعاملو ف الحمامات ما بتعرفي بتحسي انه الاشي مستفز زياده عن اللزوم 
0; ما اصعبها ربنا يصبرك 
0; ما بتعرفي شو معنى الزواج الحق مش عليكي الحق ع اهلك الي مفروض عارفين انو المره بتضل مع زوجها
0; ما بزبط تضلي تتجاهلي 
0; ما بشتغل ولا بتقاضى راتب يعني متفرغه
0; ما بصيرر يا اختي صعبه صعبه كتير عليها وعليه ملعون المصاري
0; ما تبيني ابدا انك اتدايقتي 
0; ما تحطي ببالك هده كلها اضغاث احلام تعوذي بالله من الشيطان الرجيم 
0; ما تسكتي هاي سرقه دهب وبالنفس الوقت بدك دليل 
0; ما حدا في غزه راضي بنصيبه كل واحد بطلع لغيره
0; ما لهوش حل غير تطلعي من البيت يومين تلاته
0; مابظن انو من هالشهر وصلت غزه للمجاعه 
0; مابقصدك انتي بشكل خاص بس احنا العرب مستحييل نتغير ونفهم شو يعني حريه
0; ماتحكي قدامها و تشكي لاي حد انها نكده 
0; ماتزوريهم كتير خلي علاقتك سطحيه معهم وماتحكو اسرار 
0; ماتصاحبي حد كله بقلب عوجهه التاني 
0; ماشاءالله بتكون بشقه بتجنن بس للأسف خساره تعيش فيها ومش كل اصابعك واحد 
0; مافي حاجه اسمه صحبه مع سلافي ابدا
0; مافي حكومه متل الناس تقيم العداله والشرع الديني 
0; مافي عندكم شويه نباهه 
0; مانا مش عارفه شو احكي حقيت منعت هالخطوبه تصير 
0; مبينه على فكره جدا بيخونها وعمتو عملالها عمل 
0; متجوزه و مخلفه انسيه لأنك فقعتي مرارتي 
0; متعودين عادي شو عرفهم شو بعني النظافه 
0; متل ما هيا ما في تحسن نهائي 
0; مجنونه ازا بتبيعيه لسه انتي باول حياتك ما لحقتي تختبريه بعدين حرام بضل نفسك فيه 
0; مرحبا صبايا انا من اسابيع تقريبا انسرقت شنطتي في فرح 
0; مستحيل تكوني كويسه معها وبتحترميها وما تحبك 
0; مش عارفه شو احكى انفصام بالشخصيه ولا تناقض ولا تييت 
0; مش متقلبه الفطام ابدا وبتضل تبكي وانا ندمت اني فطمتها
0; مش هتقدرى تبطليه بس ممكن تخففيه 
0; مش يمكن اختها بدها تخرب بيتك حتى تتزوج اختها 
0; مع انه الباب مسكر لكن مرعوبه وإلى خوفنى اكتر جوزى كل شويه يتصل عليه
0; مع وضع الكهربا هتنسي الفيس وكل النت 
0; معدتى صغرت من قله الاكل بسبب نفسيتى 
0; ممكن اعرف كيف ممكن اترك النت والفيس حاسه حالي متعلقه فيه 
0; ممكن تقلب مره وحده بوجهك واطلع كل المستخبى 
0; ممكن تكنى لها الحب وتكونى طيبه وتتفاجئي منها بكل سوء وممكن تفشى اسرارك وتطعنك
0; ممكن يطلع زباله وما يحسبلها هالموقف ويكون اكال نكار ما بتعرفي 
0; مهو ياحجه لتفهم شخصيتها ومدري شو بتكون الدنيا خربت 
0; ناس الله يعافينا منهم بيعشقو خراب البيوت 
0; نصيحه لا تبيعي المراه اذا معها قرش جوزها بيحترمها واذا ايديها فاضيين بيصير انسان تاني 
0; نصيحه مني اوعي تفردي انا شعري ناعم كتير قلت دفردو عشان انبسط عليه واظل فلتاه وقف زي الشوك واطرافو تعبو وتقصفو 
0; نفس المشكله وبكره الصيف من عرق ايديا
0; نفس مشكلتي بعرفش ارد 
0; نهايه العالم زياده الفقر والقتل والنفاق ودمار الدول 
0; هاد العين الفارغه موجوده عند الكل الكسبه اسمها 
0; هاد الفيس والنت زى الدخان ادمان 
0; هاد شي خاص ومابيصير اي حدا يطلع عليه 
0; هادا غباء وحياه الله 
0; هادا غير المسبات والشتايم ع اهلي واخوتي بضل يسمعني 
0; هادا كل تخطيط مدروس وممنهج بس ما بنقول الا حسبي الله ونعم الوكيل 
0; هدا غلط باسلوب التربيه لازم اتغيريه اختى لان حتتعبى بعدين
0; هدديها وامسحي فيها الارض بدل ماتحردي هدديها بقصتها القديمه والحاليه راح تخاف 
0; هدول متعودين عالقرف ولو قعدوا في بيت نضيف مابيعرفوا ينامو ولايرتاح بالهم القرف ادمان 
0; هلا انا رحتلها اكتر من مره وعلفاضي مابدها تكلمني 
0; هلا جوزي الو تقريبا سنه كامله بعاني ومو مرتاح ابدا ودايما مكتئب 
0; هلا كلهم صارو مثاليات لبيت عمهم هه وبالاساس بتلاقيهم مجرمات 
0; هما حرين مالنا ضربه لازم عليهم 
0; هما هيك طبيعتهم مدب 
0; همي بس زعلانانين عشانك مش اكتر 
0; هه الله يبعد عنكم وعنا الشر 
0; هه الله يعينك ي ربآ والله انك صابره 
0; هه الله يكون معك وراح تشوفي لسه 
0; هه ايش ما عملتى مش حيعجب 
0; هه حال غزه بالمره صارت الله يصبرنا 
0; هه حتخربي بيوت كتير بطريقتك 
0; هه صحيح كلامك كل شي عاملينو مسخره وتعليقات هايفه 
0; هه ع الفاضي شو ما عملتي او راح تعملي ما راح تعجبي 
0; هه فعلا صرنا نرتعب والله 
0; هه لا يختي في بتكون طبيعتهم كشريه يعني عادي 
0; هه والله الواحد صار يخاف الله يستر من الجاب 
0; هه وانا اعلن افلاسى 
0; ههالحرامى يمكن ما بفتح نت وانتو مش اصدقاء عنده يا ويلى علينا لوين وصلنا 
0; هو مش اعتراض بس هو احنا العرب حشريين و بنحب نشغل حالنا بخصوصيات الناس
0; هو من قله انتشر القتل 
0; هي ببساطه زينا غاضبه ومش حاسه بالامان وخايفه 
0; هي سنانها كلها خربانه وتعبانه كتير معقول هو السبب 
0; هيك غلط انت معوداهم ياخدوا حاجتك
0; هيك كل فلوسنا راحت عالدكاتره والادويه وياريت ع نفع مافي راحه بال خالص 
0; و بيكشف متى قله نضوج العقل ارتقو اشوي 
0; واحد متلو استغلالي وخاين 
0; واذا هو انزنق يروح يتداين وعيب عليه يقلها هاتي شيكل لو كان زلمه اصلا 
0; والله الظلم بالشغل وارد وبيتعب النفسيه
0; والله الوضع اصبح مرعبا 
0; والله انا اخر فتره من كتر ما اتدايقت ونرفزت صرت ديما مصدعه اللي بحياتي كلها ما صدعت مره 
0; والله بتحسبن كل دقيقه لانها دمرت بيتي وضلت ورا ابنها لما طلقني 
0; والله بطل في امان حتى نمشي بالشارع من يلي بنسمعو
0; والله بقعد بطلع وبستغرب انه كيف الوحده بترضى على حالها انه وحده قد امها تقعد تلم من وراها زباله والله عيب
0; والله بيع الذهب مشكله 
0; والله تعبت وانا انضف وما ببين عليه 
0; والله حرام تفطميها من سنه 
0; والله دنيا بطل الها امان لسا جوزي بقلي سكري الباب بالمفتاح وانا طالع لوين وصلنا  
0; والله زعل زوجي كتير من كلامها يعني الواحد بيعذر شوي
0; والله صدقت دنیا اخر وقت 
0; والله عيب ما حكت شي يدعو انك تغلطي عليها 
0; والله كلامك بيجنن وانا متاكده لو عملت فيه حتلاقي تغير بحياتها 
0; والله ما ضل امان لشي 
0; والله ماجت الجرائم الا بعد الخصم في القبضه وهي الجرائم ماهي ال فتن 
0; والله معك حق اكتر البنات انعوج السانها وطلعت عن اساليب الحكي
0; والله منا عارفه كيف بتكون ساكنه والقرف حوليها
0; والله يا اختي في بعض الناس لو شو ما عملتى معهم منيح ما ببين معهم والله عن تجربه 
0; والناس اللي هيك صعب الواحد يتعامل معهم 
0; وانا بخاف كتير منهم 
0; وانا تهيئات غير شكل وجوزي اتصل ديري بالك الباب تفتحوش لولاد تردوش علي حدا هه وضع بالمره 
0; وانا كمان بحب اقلك ازا معي مصاري كان مالقيتي بهالبلد هه 
0; وانا معك لانه هاي الاشكال الدايبه ما بخرسها الا القبر الله يحرقو حماكي ناس سفله 
0; وانتي السادقه مو الخصم من الحبوب يلي بدخلو ع غزه لتكسب منهم 
0; وانتي ايش دخلك نضاف لنفسهم و وسخين بردو لنفسهم كمان بتدخلوا بهيك امور 
0; وأنا ذهبي انسرق زمان كلو وما عندي دبله كمان يعنى ان شاء الله اصبعي بضل هخه 
0; وبالنسبه صحبه مع اسلافك وهالحكي بلاه لانو ممكن تسبب حزازيه بينكم يعني كل شي بالمعقول بيكون تمام 
0; وبتحس لحالها انه فش الها اهميهه بتسكت 
0; وبيغيب كتير عن البيت وبيترك الجوال فالبيت وما بيرضى يحكيلي وين بيروح وانا خايفه 
0; وتاني اشي لو زوجها عرف اكيد مش هيتقبل 
0; وتاني مره اوعك تفكري تفطمي غير بعد السنه ونص اقلا شي 
0; وجوزي غلبان ومسكين موظف سلطه حالته بالويل راتبه قبل ما ينزل بكون رايح
0; وحاس اني ظلمت زوجتي كثير وعارف حالي قصرت بحقها كثير
0; وحاس بذنب كبير يمكن لاني اتجوزت صغير وما كنت اعرف الحياه الزوجيه
0; وحطي مسافات وما تحكيلها وتفضفضي يختي كتير
0; وخليكي واثقه انه في حد ممكن يحل محل الاخت 
0; وديما مستفزه ومدايقه ومع ذلك مش قادره اعمل اشي 
0; وزوجك الله يسامحه كيف يصدقهم خربوله بيته 
0; وعمري بالصيف ما حبيت البس صنادل بسبب رجليا وعرقهم وبكره امشي عالبحر لهل سبب 
0; وفعلا مجموعه الفلاسفه هادي موجوده ياريتها تنقرض 
0; وكمان يختي سكرتي النت شهور محلاكي بدك يجري وراكي هو واهله 
0; ولا تخلي حدا يلعب ب راسك علي 
0; ولا تخليه مسخره قدام الكل لأنه بالاخر ما حد حتيجي الفاس براسه غيرك 
0; وما بدك تسافري معه كمان في حد صاحله يطلع من غزه وبيقول لاء الله يهدي بالك يارب 
0; وما بزبط على كل شغله صغيره تحكي لامك عني حتى تغاوشت معها وصارت تكرهني
0; وما في حدا بساعد حدا والناس
0; وماحد هيفيدك هنا هاي طفله وامانه في رقبتك قال يوم قال كيف هان قلبك 
0; ومهما تبينيلها غلطها بضلها مقتنعه انها صح ونظيفه 
0; وهتوجعي رأسك وتجيبي لحالك المشاكل وطالما ما معك دليل قاطع مش راح تثبتي وهينقلبو ضدك 
0; وهمه على اقل شى بيدعه عليه اموت 
0; ويا ستي كأنك ما اتزوجني ولا اجاكي مهر ولا اشي 
0; ويمكن لان بنتك لسا صغيره فهو رافض قصه الحمل 
0; ويمكن موضوع الحمل عامله هلع وخايف منه عنده مشكله ماديه او هيك شي 
0; يا الله قديش فعلا في ناس تافهه يعني اللي تركت كل القصه وركزت على اسلوب البنت بالكتابه
0; يا خسارتك يا بلد والله شي بيقطع القلب 
0; يا لهوي عليكي رح تخربي بيت البنيه 
0; يا ويلى كمان بشعرهم 
0; ياجماعه الوضع اصعب من هيك كل الي محتاجينه صدق التقرب الى الله ربنا يتولانا برحمته 
0; ياجماعه كل يلي برتكبو جرائم مش بوعيهم هما مدمنين مخدرات وترمادول 
0; ياستي انا بيتي وسخ وريحتو مقرفه والدود طالع 
0; يجعلها ما تحبها كلهم هيك 
0; يجعلها ماحبت ولا رضيت ليش واجعه راسك بالناقص منها اريح اصلا 
0; يجعلها ماحبت ولا عمرها تحب 
0; يختي المال السايب بعلم السرقه 
0; يختي تعالي ع حالك وحاربيه ما تتنازلي 
0; يختي وليش حارقه حالك طز اللي تجيبه تكبه 
0; يعني عشان مشكله بسيطه بينك وبينه تمزعي ورق السفر وتعندي انتي غلطتي غلطه كبيره
0; يعني في ستات بقعدو بالاشهر مابمسكو المكانس ببيوتهم ولا بشطفو 
0; يعني في ناس ريحه بيوتهم بتقرف عمرهم ماغسلو سجاده او حرام مطابخهم صراصير وايدام وقرف 
0; يعني مش عارفه ليش حاساك غلطانه و مقدره الامور غلط
0; يمكن عشان ملاقيين حد يلم من وراهم برموا عادي 
0; يمكن معك ازمه اختي هيك 
0; يمكن هيا طبيعتها عبوسه  
0; ينتقم منو الحقير  
0;التهاب لثه مع بدايات تسوس شوتني شوي بعيد عنكم
0;السلف بعمره ماكان زي اﻷخ صح اله تقديره هاحترامه لكن المزاح وانكم اصحاب هذا لا يجوز 
2;  ع فكره هي مابتحكي عالبيت المكركب بتحكي عن اساسيات النضافه
2;  قرأت شويه تعليقات هدول اللي لسه كنت بحكيلك عنهم 
2; اشحنيه نسبه تكفيكي ساعه او سعتين 
2; اعملي تحاليل للغده الدرقيه 
2; اعملي فحص للغده الدرقيه 
2; اقرئي سوره البقره يوميا بنيه يشفي  
2; اقولك علاجو عندك انتي 
2; الا بذكر الله تطمئن القلوب ما الك الا القرآن 
2; الاجانب عندهم مواقع وبرامج للنقاش برضه بهيك امور مش بس عند العرب 
2; الاذكار صباحا ومساء وسوره البقره 
2; البيوت اسرار الله يفرجها على الناس وعلى وضعهم 
2; الحشريه انك تقصدى حد معين وتحكى عنه 
2; الحل انو في الشتا تضلها تشتغل لانو الشغل بدفي وبالصيف تتحمم كل يوم  
2; الحل بيدك اطفي الويرلس او الغي الاشتراك او اطفي جوا واعطيه لمامتك وبتاخدي بالاجازات 
2; القران مهدي اكثر من علاجات 
2; النار اهم شيء وطارد للبراغيث 
2; النصيب نصيبها لسه ما اجه 
2; انا بدور على عروسه بنت ناس 
2; انا بعاني من هالمشكله خصوصا بالشتاء بضلهم ايديا ورجليا باردين كتير ولو تحت الحرامات 
2; انا جوالي انكسرت شاشته والتهيت بامتحانات ابني وضليت تلات شهور وتركت الجوال 
2; انا عندي كفوفي و اقدامي بالشتا بكونو باردين كتير و زرق و بالصيف بعرقو كتير فكركم شو المشكله
2; انا ما عندي الكلام هادا 
2; انا معنديش الكلام هادا 
2; اه صحيح فعلا موضوع للنقاش وغرضو النصيحه برضو 
2; اول اشي اتصلوا على البلديه لازم ترش البيت 
2; اول اشي صحبه مع اسلافك لا يجوز
2; ايش سبب الي بتهري منه عالجي سبب روحي على خبير تغذيه 
2; بدك ترشي البيت فيه دوا بودره بتحلل بمي بس الافضل مبيد حشرات قوي 
2; بدك مبيد حشرات قوي كتير ترشيه بالبيت 
2; بس بدى اعرف الدار الها شبابيك وباب ولا لأ هادا اهم شىء 
2; بس سبحان الله الاساسيات بتبقى موجوده ومابتقدرى تطنشبها 
2; بعدين بتنضفيها وبتغسلي كل اشي وشمسي الفرلش حتروح ان شا الله 
2; بكون ماسكه الجوال وكلو ميه من ايدي 
2; بيتي مش مدهون ومش مقصور ومش مبلط وبقدرش اشطفو 
2; بيمشي النت والفيس بدمنا 
2; تاني اشي امسحي بكاز لانه بقتل البراغيت 
2; جهل المجتمع بيعيق شفاء المرضى 
2; جوزي نفس الحاله كلو نفسي 
2; حسب توزيع الغدد العرقيه عندهم 
2; حطي مصافي للبلوعات تكون فتحاتها صغيره جدا 
2; دلونى شو اعمل ونفسى حد يعطينى دافع وحل لمشكلتى 
2; ديري كاز بالبلوعات يوميا ببطلو يطلعوا 
2; ردي عليها يا دكتوره بدنا نشوف كيف انجازك بلباطنه 
2; رشي الدار كلها في دوا مخصص الهم واطلعي من الدار يومين عشان الريحه 
2; روحي ع مركز غزه للصحه النفسيه هيفيدوكي كتير شارع الشهدا مقابل مترو 
2; روحي عازاعه صوت القدس واحكيلهم هيك بساعدوكي بالقصاره
2; روحي للدكتور انا كنت هيك نسبه املاح زياده في الدم  
2; سكريها بشبك من جوا 
2; شو منماتك ممكن تكون عندك خوفه 
2; شوفي الغده الدرقيه زياده نشاطها بتنقص الوزن بشكل كبير وبتعكر المزاج وبتزيد العصبيه 
2; صح كلامك يا اختي انا صارت معي مرتين مره بعد الحرب الاخيره قعدت شهر 
2; صحيح كلامك انا مريت فيها قبل هيك بس الحمد لله تشافيت 
2; عشان هيك ما بشبع 
2; عليكي يا اختي بالصدقه فالصدقه تشفى من المرض تدفع البلاء  
2; عمرها قله النظافه ما كان الها مبرر 
2; عند الطبيب البيطري في دوا نهائي للبراغيت 
2; فى ناس من الزعل بيحصل عندهم اكتئاب 
2; في للاولاد تك تاك من الصيدليه 
2; قعدت اسبوع نفسي مسدوده وما اكل اشي اخدت اوميجا تعوض قله الاكل وماشا الله تقولي دراكولا هلا 
2; كل واحد بيخد حاجتو بس 
2; كيف لما صرتي طيبه ومنيحه تهموكي بالسحر 
2; لا بدهاش باطنه هادي 
2; لا زم اول شي تعملي فحوصات غده وبعدها تابعي دكتور تغذيه 
2; لا والله انا بس عندي بنت عمرها شهر 
2; لا يبقى ما في مشاكل صحيه عندك 
2; لازم تعرفي من شو تعبانه نفسيتك 
2; لسه شغال هاد الدكتور سمعت انو مسافر وعيادتو تسكرت  
2; ما تدفعوا بنقطع وخلص 
2; ما تعمل اشي ولا بننصحها باشي 
2; ما ف بعد الاستغفار والله ي حبيبتي 
2; ما هو انا صاحبه السؤال 
2; ماخلينا دكتور فيكي ياغزه وماروحنالو 
2; مرحبا يا ريت تعرضي مشكلتي على سيدات الجروب و ان شاء الله بلقى عندهم الحل هلا 
2; مره قرأت وصفه انو حطي رجليكي بميه متلجه كتير لمده دقايق 
2; مش كل الناس بتهتم ببيوتها ونضافتها 
2; معقول زيت السمك بفتح الشهيه 
2; ممكن تكون مقصره بالعباده او باحد الفروض 
2; من الان وطالع عوديهم كل واحد وحاجته 
2; مهو لازم تعالجي نفسيتك بالاول قوليلنا ليش نفسيتك تعبانه عشان نقدر ننصحك 
2; مو شرط مشكله بالغدد انا من سنوات عملت تحاليل شامله وصور وكان كله تمام 
2; نصائح ينام ع مخده عاليه يخفف وزن اذا عندو زياده وزن يعمل تمارين مرات بالاسبوع 
2; نعم وممكن اي شخص يمر فيها سواء كبير او صغير وبدون سبب
2; نفس المشكله عندي بس علي ما اعتقد مشكله غدد 
2; نقص فيتامين د نفي الاعراض اللي صارت معي 
2; هاد مشكله العصر هه 
2; هاد نوع من انواع الاكتئاب 
2; هادي في الشتا بتلبسش كويس وبالصيف بتلبس كتير 
2; هلا من السنه اللي فاتت وهوا بعاني من زياده في خفقان القلب خصوصا بالليل
2; واحكيلهم زى مانتو اكلتو انا بدى زيكم 
2; واصلا اختها يتكون مره عمي 
2; والله العظيم يختى زى ما بقولك وهينى عند اهلى 
2; والله المرض النفسي اصعب من الجسدي
2; وانا متلك بالزبط اي شي بمسكه بيصير ميه من ايديا لانهم بيعرقو
2; وبالصيف عادي كلنا بنعرق من مناطق مختلفه 
2; وبالنسبه للبيت كلور وكاز 
2; وبعدين بتحطيهم بميه سخنه كتير برضو لعشر دقايق 
2; وكل يوم بحمم الاولاد وجبتلهم شامبو حشرات ونشرت الفراش بالشمس
2; ومش حرام كمان في صحابيات عرضوا نفسهم للزواج عمر عرض بنته على ابو بكر وعلي وتزوجها الرسول 
2; وممكن تروح لحالها بدون تدخل وممكن مع تكرارها تحتاج لتدخل بسيط وبتنتهي 
2; يتنفخو كتير لا بس بزرقو و في الاجواء هاي مره بحمرو و مره بزرقو و بعرقو شوي 
2; يعني اصابعك ما بتنفخو وبصير الوانهم يتغيرو 
2;الايام كل الناس بوجهك ملاك والتاني شيطان 